label,score,lane,unique_query_count,question_count,representative_intent,keyword_signature,queries,related_questions
How Often Should You Water Balcony Plants?,33.0,technical-setup,6,6,Understanding watering frequency and schedules,"often, frequency, understanding, schedules, scheduling, practices",balcony container watering system | best automatic watering system for balcony containers | cheap diy watering for balcony plants | how to water balcony plants without a tap | renter friendly balcony watering system | watering balcony plants while away,How Often Should You Water Balcony Plants? | How Often Should You Water Balcony Container Plants? | How Often Should I Water Container Plants on a Balcony? | How Often Should I Water Balcony Plants? | How Often Should I Water Balcony Plants in Summer
How Much Does a Basic Balcony Watering System Cost?,26.0,buyer,4,4,Understand pricing and budget options,"much, budget, automatic, options, understand, pricing",automatic watering for potted patio plants | balcony container watering system | best automatic watering system for balcony containers | best hose timers for balcony drip irrigation systems,How Much Does an Automatic Plant Watering System Cost? | How Much Does a Basic Balcony Watering System Cost? | How Much Does an Automatic Balcony Watering System Cost? | How Much Does an Automatic Watering System Actually Cost?
Automatic Plant Watering System for Renters,25.5,buyer,4,4,Temporary solutions that don't require installation,"automatic, solutions, renters, off, hands, don",best budget drip irrigation kits for apartment balconies | how to water balcony plants without a tap | renter friendly balcony watering system | watering balcony plants while away,Automatic Plant Watering System for Renters | Automatic Watering System for Balcony Gardens | Automatic Watering System for Rental Apartments | Automatic Plant Watering System for Balcony Plants
Best Hose Timers for Balcony Drip Irrigation Systems,23.5,buyer,3,4,Technical specs for DIY setups,"drip, systems, irrigation, find, options, tubing",balcony container watering system | balcony drip irrigation for container plants | best budget drip irrigation kits for apartment balconies,Best Tubing Size for Balcony Drip Irrigation Systems | Best Hose Timers for Balcony Drip Irrigation Systems | Best Water Pumps for Balcony Drip Irrigation Systems | Best Water Source for Balcony Drip Irrigation Systems
Best Automatic Watering System for Balcony Containers,22.5,buyer,3,4,Budget-friendly setup ideas,"automatic, friendly, small, spaces, systems, cheapest",automatic watering for potted patio plants | balcony container watering system | best automatic watering system for balcony containers,Cheapest DIY Automatic Watering System for Containers | Best Automatic Watering System for Balcony Containers | Best Automatic Watering Systems for Balcony Containers | What's the Easiest Automatic Watering System for Beginners?
DIY Balcony Watering System for Renters,21.5,buyer,3,3,Low-cost alternatives to expensive systems,"diy, budget, friendly, alternatives, expensive, systems",balcony container watering system | how to water balcony plants without a tap | renter friendly balcony watering system,DIY Balcony Watering System on a Budget | DIY Balcony Watering System Without a Tap | DIY Balcony Watering System for Renters
How to Water Balcony Plants Without a Tap,21.0,renter-small-space,3,5,Solutions without direct water source,"tap, solutions, don, have, direct, source",balcony container watering system | how to water balcony plants without a tap | renter friendly balcony watering system,How to Water Balcony Plants When You Don't Have a Tap | How to Water Balcony Plants in Hot Weather | How to Water Balcony Plants Without a Tap | How to Water Balcony Plants When You Travel | How to Water Plants When You Don't Have an Outdoor Tap
Best Automatic Watering Hose Setup for Patio Gardens,21.0,buyer,3,4,Find top-rated solutions for their garden,"automatic, potted, patio, solutions, irrigation, rated",automatic watering for potted patio plants | best automatic watering system for balcony containers | best hose timers for balcony drip irrigation systems,Best Automatic Watering Systems for Potted Patio Plants | Best Automatic Watering Hose Setup for Patio Gardens | Can I Use an Automatic Watering System for Potted Plants? | Best Automatic Watering System for Small Balcony Plants
How to Set Up a Gravity-Fed Watering System,21.0,buyer,3,3,Installing simple systems without electricity,"gravity, fed, electricity, set, systems, installing",balcony container watering system | cheap diy watering for balcony plants | renter friendly balcony watering system,How to Set Up a Gravity-Fed Watering System for Balcony Plants | How to Set Up a Gravity-Fed Watering System | Gravity-Fed Watering Systems for Balcony Gardens
How Long Can Balcony Plants Go Without Water,20.0,pain-point,3,4,Understanding plant tolerance levels,"survive, long, understanding, levels, tolerance, survival",balcony container watering system | how to water balcony plants without a tap | watering balcony plants while away,How Long Can Balcony Plants Survive Without Water? | How Long Can Balcony Plants Go Without Water | Can Balcony Plants Survive 3 Weeks Without Water | How Long Can Potted Plants Survive Without Water?
Can I Use Soaker Hoses on a Balcony?,19.5,buyer,3,3,Understanding specific product compatibility,"soaker, hose, compatibility, specific, understanding, product",balcony container watering system | best automatic watering system for balcony containers | cheap diy watering for balcony plants,Can You Use a Soaker Hose on a Balcony? | Can I Use Soaker Hoses on a Balcony? | Can I Use a Garden Hose on My Balcony?
How to Keep Balcony Plants Alive While on Vacation,19.0,pain-point,3,3,Extended-leave watering solutions,"vacation, keep, alive, solutions, away, extended",cheap diy watering for balcony plants | how to water balcony plants without a tap | watering balcony plants while away,How to Keep Balcony Plants Alive While on Vacation | How to Keep Balcony Plants Watered While on Vacation | How to Keep Balcony Plants Alive While You're Away
How to Water Plants While Away on Vacation,19.0,pain-point,3,3,Solutions for automatic watering while traveling,"vacation, away, solutions, automatic, traveling, travel",balcony container watering system | best automatic watering system for balcony containers | cheap diy watering for balcony plants,How to Water Balcony Plants When You're Away on Vacation | How Do I Water My Balcony Plants When I'm Away on Vacation? | How to Water Plants While Away on Vacation
How to Water Potted Plants While on Vacation,19.0,pain-point,3,3,Keep plants alive when traveling,"potted, vacation, keep, alive, traveling, travel",automatic watering for potted patio plants | balcony drip irrigation for container plants | watering balcony plants while away,How to Water Potted Plants While on Vacation | How to Keep Container Plants Alive While on Vacation | How to Water Outdoor Potted Plants While on Vacation
How to Water Multiple Balcony Plants Efficiently,17.0,general,3,3,Solutions for hard-to-reach plants,"efficiently, multiple, hard, reach, safely, solutions",balcony drip irrigation for container plants | cheap diy watering for balcony plants | how to water balcony plants without a tap,How to Water Multiple Balcony Plants Efficiently | How to Water High Balcony Plants Safely and Efficiently
How to Winterize a Balcony Watering System,17.0,technical-setup,3,3,Seasonal maintenance and storage,"maintenance, winterize, seasonal, storage, tips, drip",balcony container watering system | balcony drip irrigation for container plants | cheap diy watering for balcony plants,How to Winterize Your Balcony Watering System | How to Winterize Your Balcony Drip Irrigation System | How to Winterize a Balcony Watering System
How to Water Tall Plants on a Balcony,17.0,buyer,2,3,Affordable watering solutions for apartment balconies,"solutions, budget, affordable, reach, tall, hard",cheap diy watering for balcony plants | how to water balcony plants without a tap,How to Water Balcony Plants on a Budget | How to Water Tall Plants on a Balcony | How to Water Balcony Plants in Extreme Heat
Best Budget-Friendly Watering Solution for 10+ Balcony Pots,16.5,buyer,2,2,Scaling systems cost-effectively,"friendly, budget, pots, scaling, solution, effectively",balcony container watering system | gravity fed watering system for balcony plants,Best Budget-Friendly Watering Solution for 10+ Balcony Pots | Best Budget-Friendly Watering System for Apartment Balconies
Best Watering Systems for Apartment Balconies,16.5,buyer,2,2,Cheap alternatives,"solutions, budget, cheap, alternatives, easy, comparing",how to water balcony plants without a tap | renter friendly balcony watering system,Budget Watering Solutions for Apartment Balconies | Best Watering Systems for Apartment Balconies
How to Keep Plants Alive While Away Without Daily Watering,16.0,buyer,2,2,Hands-off plant care solutions,"keep, daily, off, care, alive, solutions",best automatic watering system for balcony containers | gravity fed watering system for balcony plants,How to Keep Plants Alive While Away Without Daily Watering | How to Keep Plants Hydrated on a Balcony Without Daily Watering
How to Prevent Algae Growth in Balcony Watering Reservoirs,16.0,buyer,2,2,Maintaining clean water systems,"growth, algae, reservoirs, prevent, maintaining, clean",balcony container watering system | best automatic watering system for balcony containers,How to Prevent Algae Growth in Balcony Watering Reservoirs | How to Prevent Algae Growth in Automatic Watering Reservoirs
How to Prevent Overwatering With Automatic Systems,16.0,buyer,2,2,Control water amounts properly,"overwatering, automatic, prevent, control, properly, amounts",automatic watering for potted patio plants | best automatic watering system for balcony containers,How to Prevent Overwatering With Automatic Systems | How to Prevent Overwatering with an Automatic System
What Are Common Problems With Drip Irrigation Systems?,16.0,buyer,2,2,Avoiding mistakes and troubleshooting issues,"problems, systems, issues, common, avoiding, troubleshooting",balcony container watering system | gravity fed watering system for balcony plants,What Are Common Problems with Balcony Watering Systems? | What Are Common Problems With Drip Irrigation Systems?
Best Drip Irrigation Kits for Apartment Balconies,15.5,buyer,2,2,Product recommendations for small spaces,"kits, drip, irrigation, recommendations, small, spaces",best budget drip irrigation kits for apartment balconies | cheap diy watering for balcony plants,Best Drip Irrigation Kits for Apartment Balconies | Best Budget Drip Irrigation Kits for Apartment Balconies
DIY Automatic Plant Watering System: How to Build One,15.5,buyer,2,2,Budget-friendly homemade solutions,"build, automatic, diy, friendly, one, solutions",best automatic watering system for balcony containers | best budget drip irrigation kits for apartment balconies,DIY Automatic Plant Watering System: How to Build One | DIY Automatic Plant Watering System: Step-by-Step Guide
How to Automate Balcony Plant Watering Without a Timer,15.5,buyer,2,2,Cheap automation options,"automate, options, automation, spending, much, cheap",cheap diy watering for balcony plants | gravity fed watering system for balcony plants,Can I Automate Balcony Plant Watering Without Spending Much? | How to Automate Balcony Plant Watering Without a Timer
How to Set Up Automatic Watering on a Budget,15.5,buyer,2,2,Affordable ways to automate,"automatic, set, ways, automate, affordable, budget",automatic watering for potted patio plants | best automatic watering system for balcony containers,How to Set Up Automatic Watering on a Budget | How to Set Up Automatic Watering for Herbs on a Balcony
How to Stop Water From Pooling on Your Balcony,15.0,pain-point,2,3,Direct solution to standing water problem,"stop, pooling, solution, direct, problem, standing",how to stop water from pooling on your balcony | renter friendly balcony watering system,How to Stop Water From Pooling on Your Balcony | Best Products to Stop Water From Pooling on a Balcony | How to Stop Water from Pooling on Your Balcony
How to Set Up a Gravity-Fed Plant Watering System,15.0,pain-point,2,2,Maintenance tips and problem prevention,"gravity, fed, prevention, maintenance, prevent, problem",gravity fed watering system for balcony plants | watering balcony plants while away,How to Prevent Clogging in a Gravity Fed Plant Watering System | How to Set Up a Gravity-Fed Plant Watering System
Best Watering Can for Balcony Plants,14.5,general,2,4,Affordable tool recommendation,"affordable, alternative, recommendation, tool, sources, small",how to water balcony plants without a tap | renter friendly balcony watering system,Best Watering Can for Balcony Plants | What Water Can I Use for Balcony Plants | Best Watering Cans for Small Balcony Gardens | Self-Watering Planters for Balcony Plants
How to Prevent Water From Dripping Onto Lower Balconies,14.5,pain-point,2,2,Considerate watering solutions,"dripping, prevent, considerate, neighbors, solutions, onto",balcony container watering system | how to stop water from pooling on your balcony,How to Prevent Water from Dripping to Neighbors' Balconies | How to Prevent Water From Dripping Onto Lower Balconies
Best Automatic Watering Systems for Balcony Gardens,14.0,buyer,2,2,Control plants from phone,"systems, controlled, app, control, phone, find",automatic watering for potted patio plants | balcony drip irrigation for container plants,Best App-Controlled Watering Systems for Balcony Gardens | Best Automatic Watering Systems for Balcony Gardens
Best Container Size for Drip Irrigation Systems,14.0,buyer,2,2,Choose plants that work with automation,"drip, systems, irrigation, choose, work, automation",balcony drip irrigation for container plants | best budget drip irrigation kits for apartment balconies,Best Container Plants for Drip Irrigation Systems | Best Container Size for Drip Irrigation Systems
Best Timer for Automatic Balcony Plant Watering,14.0,buyer,2,2,Smart monitoring technology,"automatic, technology, monitoring, moisture, sensors, smart",best automatic watering system for balcony containers | how to water balcony plants without a tap,Best Moisture Sensors for Automatic Plant Watering | Best Timer for Automatic Balcony Plant Watering
How to Choose the Right Watering System for Your Balcony Setup,14.0,buyer,2,2,Decision-making guide,"right, making, choose, guide, decision, customers",best automatic watering system for balcony containers | gravity fed watering system for balcony plants,How to Choose the Right Watering System for Your Balcony Plants | How to Choose the Right Watering System for Your Balcony Setup
How to Connect Multiple Drip Lines on a Balcony,14.0,buyer,2,2,System assembly and configuration,"multiple, drip, connect, lines, assembly, properly",balcony drip irrigation for container plants | cheap diy watering for balcony plants,How to Connect Multiple Container Drip Lines Properly | How to Connect Multiple Drip Lines on a Balcony
Can You Expand a Balcony Watering System Later?,13.5,buyer,2,2,Understanding scalability of systems,"later, scalability, expand, understanding, systems, future",balcony container watering system | gravity fed watering system for balcony plants,Can You Expand a Balcony Watering System Later? | How to Expand Your Balcony Garden Watering System Later
Can You Use Drip Irrigation on a Balcony?,13.5,buyer,2,2,Understanding if drip systems work in small spaces,"drip, systems, irrigation, small, understanding, spaces",balcony container watering system | best budget drip irrigation kits for apartment balconies,Can You Use Drip Irrigation on a Balcony? | Can You Use Drip Irrigation in Pots on a Patio?
Easy Watering System Setup for Apartment Balconies,13.5,buyer,2,2,Adjusting watering based on light exposure,"setup, light, exposure, adjusting, shaded, sunny",balcony container watering system | renter friendly balcony watering system,Watering System Setup for Shaded vs. Sunny Balconies | Easy Watering System Setup for Apartment Balconies
Hose Lock Watering System for Balcony Gardens,13.5,buyer,2,2,Finding easy solutions that save time,"easy, maintenance, solutions, low, finding, time",balcony container watering system | how to water balcony plants without a tap,How to Create a Low-Maintenance Watering System for Balcony Gardens | Hose Lock Watering System for Balcony Gardens
How Much Water Does a Drip System Actually Use?,13.5,buyer,2,2,Understand water consumption,"consumption, much, actually, automatic, systems, understand",automatic watering for potted patio plants | best budget drip irrigation kits for apartment balconies,How Much Water Do Automatic Systems Actually Use? | How Much Water Does a Drip System Actually Use?
Solar Powered Drip Irrigation for Balcony Gardens,13.5,buyer,2,2,Eco-friendly balcony watering options,"solar, friendly, drip, eco, powered, options",balcony drip irrigation for container plants | best budget drip irrigation kits for apartment balconies,Solar-Powered Drip Irrigation for Balcony Containers: Does It Work? | Solar Powered Drip Irrigation for Balcony Gardens
How to Fix a Balcony That Pools Water,13.5,buyer,1,2,Permanent solutions to the problem,"pools, fix, solutions, permanent, problem, budget",how to stop water from pooling on your balcony,How to Fix a Balcony That Pools Water | What's the Cost to Fix a Balcony That Pools Water?
How Much Water Do Balcony Plants Really Need?,13.0,pain-point,2,2,Understanding water requirements and avoiding overwatering,"much, avoiding, overwatering, understanding, requirements, actually",balcony container watering system | renter friendly balcony watering system,How Much Water Do Balcony Container Plants Actually Need? | How Much Water Do Balcony Plants Really Need?
DIY Drip Irrigation System for Balcony Plants,12.5,diy-budget,2,2,Pet-safe watering solutions,"drip, irrigation, pet, proof, kitten, solutions",best budget drip irrigation kits for apartment balconies | cheap diy watering for balcony plants,Kitten-Proof Drip Irrigation System for Balconies | DIY Drip Irrigation System for Balcony Plants
How to Water Plants on a Balcony Without a Spigot,12.5,renter-small-space,2,2,Solutions for watering without outdoor water access,"access, solutions, spigot, outdoor, tap, direct",best budget drip irrigation kits for apartment balconies | renter friendly balcony watering system,How to Water Plants on a Balcony Without a Spigot | How to Water Plants on Your Balcony Without a Tap
Best Water Butt for Balcony Plant Watering,11.5,general,2,2,Water collection and reuse,"collection, rainwater, reuse, butt",cheap diy watering for balcony plants | how to water balcony plants without a tap,Can I Use Rainwater for Balcony Plant Watering? | Best Water Butt for Balcony Plant Watering
Best Watering Schedule for Container Balcony Gardens,11.5,technical-setup,2,2,Creating consistent care routines,"schedule, routines, care, set, consistent, creating",balcony container watering system | how to water balcony plants without a tap,How to Set Up a Watering Schedule for Your Balcony Garden | Best Watering Schedule for Container Balcony Gardens
Best Watering System for Windy Balconies,11.5,general,2,2,Scale solutions for large collections,"solutions, scale, large, collections, windy, conditions",automatic watering for potted patio plants | balcony container watering system,Best Watering System for 50+ Container Plants | Best Watering System for Windy Balconies
How to Set Up Drip Irrigation on a Small Balcony,11.5,technical-setup,2,2,Space-saving watering solutions,"drip, set, irrigation, small, solutions, saving",balcony drip irrigation for container plants | how to water balcony plants without a tap,How to Set Up Drip Irrigation on a Small Balcony | How to Set Up Micro Drip Irrigation on a Balcony
How to Water Balcony Plants Without Running Water,11.5,general,2,2,Solutions for elevated or hard-to-reach containers,"solutions, hard, reach, high, elevated, spillage",balcony container watering system | gravity fed watering system for balcony plants,How to Water High Balcony Plants Without Spillage | How to Water Balcony Plants Without Running Water
What Size Water Reservoir Do I Need for My Balcony?,11.5,technical-setup,2,2,Planning water capacity,"reservoir, size, capacity, planning, drip, irrigation",cheap diy watering for balcony plants | gravity fed watering system for balcony plants,What Size Water Reservoir Do I Need for Drip Irrigation? | What Size Water Reservoir Do I Need for My Balcony?
What's the Easiest Way to Water Container Plants?,11.5,general,2,2,Simple watering methods,"way, easiest, simple, methods, cheapest, multiple",cheap diy watering for balcony plants | gravity fed watering system for balcony plants,What's the Easiest Way to Water Container Plants? | What's the Cheapest Way to Water Multiple Balcony Plants?
Budget-Friendly Solutions for Watering Plants While Away,11.5,buyer,1,1,Customer wants cheap or free options,"customer, friendly, free, solutions, wants, options",watering balcony plants while away,Budget-Friendly Solutions for Watering Plants While Away
DIY Solutions for Water Pooling on Balconies,11.5,buyer,1,1,Budget-friendly fixes,"pooling, friendly, fixes, solutions, diy, budget",how to stop water from pooling on your balcony,DIY Solutions for Water Pooling on Balconies
"Automatic Watering for Tea Plants, Herbs, and Vegetables",11.0,general,2,2,Grow food automatically,"automatic, vegetables, herbs, automatically, food, grow",automatic watering for potted patio plants | best hose timers for balcony drip irrigation systems,"Automatic Watering for Herbs and Vegetables in Containers | Automatic Watering for Tea Plants, Herbs, and Vegetables"
Do Self-Watering Pots Actually Work?,11.0,general,2,2,Evaluate effectiveness before buying,"pots, effectiveness, self, actually, work, buying",automatic watering for potted patio plants | best automatic watering system for balcony containers,Do Self-Watering Pots Actually Work?
Drip Irrigation for Balcony Plants: Complete Guide,11.0,technical-setup,2,2,Scale solutions for many containers,"complete, guide, drip, irrigation, many, solutions",balcony drip irrigation for container plants | renter friendly balcony watering system,Drip Irrigation for 20+ Container Plants: A Complete Guide | Drip Irrigation for Balcony Plants: Complete Guide
How Much Water Do Balcony Plants Need Per Week?,11.0,general,2,2,Understanding water requirements for capacity planning,"much, planning, understanding, week, requirements, capacity",gravity fed watering system for balcony plants | watering balcony plants while away,How Much Water Do Balcony Plants Need Per Week? | How Much Water Do Balcony Plants Need? A Beginner's Guide
How Often Should I Run Drip Irrigation on My Balcony?,11.0,technical-setup,2,2,Timing and frequency for container watering,"drip, often, timing, irrigation, frequency, run",balcony drip irrigation for container plants | best budget drip irrigation kits for apartment balconies,How Often Should You Water Container Plants with Drip Irrigation? | How Often Should I Run Drip Irrigation on My Balcony?
Best Budget Hose Timer for Renters on a Balcony,11.0,buyer,1,1,Non-permanent installation solutions,"solutions, non, renters, hose, timer, permanent",best hose timers for balcony drip irrigation systems,Best Budget Hose Timer for Renters on a Balcony
How to Prevent Clogging in Drip Irrigation Systems,10.5,buyer,1,1,System maintenance,"maintenance, drip, systems, prevent, clogging, irrigation",how to water balcony plants without a tap,How to Prevent Clogging in Drip Irrigation Systems
How to Water Plants While Away: Simple Systems That Work,10.5,buyer,1,1,Automatic watering for vacations and extended absences,"absences, automatic, simple, extended, systems, work",gravity fed watering system for balcony plants,How to Water Plants While Away: Simple Systems That Work
Automatic Watering Systems That Send Phone Alerts,10.0,buyer,1,1,Get notified of problems remotely,"problems, notified, alerts, automatic, phone, send",automatic watering for potted patio plants,Automatic Watering Systems That Send Phone Alerts
Best Budget Soaker Hose for Container Gardens,10.0,buyer,1,1,Affordable soaker options,"soaker, options, hose, affordable, budget",cheap diy watering for balcony plants,Best Budget Soaker Hose for Container Gardens
Best Budget-Friendly Automatic Watering Solutions Under $50,10.0,buyer,1,1,Affordable options,"friendly, solutions, automatic, options, affordable, budget",best automatic watering system for balcony containers,Best Budget-Friendly Automatic Watering Solutions Under $50
Best DIY Plant Watering System for Your Balcony,10.0,buyer,1,1,Customer wants to build their own watering setup,"customer, own, build, wants, setup, diy",watering balcony plants while away,Best DIY Plant Watering System for Your Balcony
Best Gravity Fed Watering Systems for Small Spaces,10.0,buyer,1,1,Looking for efficient watering without electricity,"efficient, small, gravity, looking, spaces, electricity",gravity fed watering system for balcony plants,Best Gravity Fed Watering Systems for Small Spaces
Cheap vs. Expensive Hose Timers: What's Actually the Difference?,10.0,buyer,1,1,Budget considerations for timers,"expensive, hose, cheap, actually, considerations, difference",best hose timers for balcony drip irrigation systems,Cheap vs. Expensive Hose Timers: What's Actually the Difference?
DIY Drip Irrigation vs Buying a Pre-Made System: What's Better?,10.0,buyer,1,1,Compare DIY vs commercial options,"compare, made, drip, pre, commercial, options",balcony drip irrigation for container plants,DIY Drip Irrigation vs Buying a Pre-Made System: What's Better?
Gravity-Fed vs Pump: Which Balcony Irrigation System Works Best?,10.0,buyer,1,1,Compare different balcony watering methods,"methods, which, compare, gravity, pump, different",balcony drip irrigation for container plants,Gravity-Fed vs Pump: Which Balcony Irrigation System Works Best?
How to Create Low-Cost Drip Irrigation on Your Balcony,10.0,buyer,1,1,Budget-friendly balcony watering solutions,"friendly, drip, solutions, low, create, budget",balcony drip irrigation for container plants,How to Create Low-Cost Drip Irrigation on Your Balcony
How to Use Bottles for DIY Drip Irrigation on Balconies,10.0,buyer,1,1,Budget solutions using household items,"bottles, household, drip, solutions, using, items",balcony container watering system,How to Use Bottles for DIY Drip Irrigation on Balconies
Troubleshooting Uneven Watering in Container Drip Systems,10.0,buyer,1,1,Solve distribution problems,"distribution, troubleshooting, problems, solve, drip, systems",balcony drip irrigation for container plants,Troubleshooting Uneven Watering in Container Drip Systems
What Size Gravity Fed System Do I Need for 3-5 Containers?,10.0,buyer,1,1,Right-sizing systems for specific plant counts,"right, size, sizing, specific, gravity, systems",gravity fed watering system for balcony plants,What Size Gravity Fed System Do I Need for 3-5 Containers?
What's the Difference Between Soaker Hoses and Gravity Fed Systems?,10.0,buyer,1,1,Comparing watering method benefits,"soaker, method, gravity, comparing, hoses, systems",gravity fed watering system for balcony plants,What's the Difference Between Soaker Hoses and Gravity Fed Systems?
Wireless Water Timer for Balcony Plants,9.5,buyer,1,2,Evaluating automation investment,"timer, automation, evaluating, investment, worth, technology",renter friendly balcony watering system,Water Timer for Balcony Plants: Worth It? | Wireless Water Timer for Balcony Plants
Automatic Watering System Installation: Professional vs. DIY,9.5,buyer,1,1,Setup options and difficulty level,"professional, difficulty, automatic, setup, options, installation",best automatic watering system for balcony containers,Automatic Watering System Installation: Professional vs. DIY
Best Materials for Renter-Approved Watering Systems,9.5,buyer,1,1,Damage-free options,"approved, free, renter, options, damage, systems",renter friendly balcony watering system,Best Materials for Renter-Approved Watering Systems
Budget Balcony Irrigation: Amazon and Local Store Options,9.5,buyer,1,1,Find affordable systems,"store, find, amazon, options, affordable, systems",balcony drip irrigation for container plants,Budget Balcony Irrigation: Amazon and Local Store Options
Budget Balcony Watering: Cheapest Options That Work,9.5,buyer,1,1,Cost-conscious solutions,"cheapest, conscious, solutions, options, work, budget",renter friendly balcony watering system,Budget Balcony Watering: Cheapest Options That Work
Can Gravity Fed Systems Handle Wind and Temperature Swings?,9.5,buyer,1,1,Reliability in varying weather conditions,"wind, temperature, weather, swings, handle, gravity",gravity fed watering system for balcony plants,Can Gravity Fed Systems Handle Wind and Temperature Swings?
Can Gravity Fed Systems Water Plants at Different Heights?,9.5,buyer,1,1,Compatibility with varied pot sizes and elevations,"compatibility, gravity, varied, pot, systems, sizes",gravity fed watering system for balcony plants,Can Gravity Fed Systems Water Plants at Different Heights?
Can You Build a DIY Plant Watering System Under $50?,9.5,buyer,1,1,Budget-conscious customers wanting affordable solutions,"customers, conscious, build, solutions, affordable, wanting",gravity fed watering system for balcony plants,Can You Build a DIY Plant Watering System Under $50?
Cheapest Smart Plug for Automated Plant Watering,9.5,buyer,1,1,Budget-friendly automation,"friendly, cheapest, automated, plug, automation, smart",cheap diy watering for balcony plants,Cheapest Smart Plug for Automated Plant Watering
Cheapest Way to Set Up Balcony Drip Irrigation,9.5,buyer,1,1,Budget-friendly options,"way, friendly, cheapest, drip, options, set",best budget drip irrigation kits for apartment balconies,Cheapest Way to Set Up Balcony Drip Irrigation
DIY Aquarium Pump Watering System for Balcony,9.5,buyer,1,1,Pump-based irrigation setup,"aquarium, setup, pump, diy, based, irrigation",cheap diy watering for balcony plants,DIY Aquarium Pump Watering System for Balcony
Do Gravity Fed Systems Work Better Than Soaker Hoses?,9.5,buyer,1,1,Comparing different watering method effectiveness,"effectiveness, soaker, method, gravity, comparing, than",gravity fed watering system for balcony plants,Do Gravity Fed Systems Work Better Than Soaker Hoses?
Does a Gravity Fed System Need Electricity to Work?,9.5,buyer,1,1,Understanding power requirements for watering systems,"power, gravity, understanding, requirements, electricity, systems",gravity fed watering system for balcony plants,Does a Gravity Fed System Need Electricity to Work?
Gravity-Fed Watering Systems for Potted Plants,9.5,buyer,1,1,Simple passive solutions,"potted, gravity, solutions, simple, passive, systems",automatic watering for potted patio plants,Gravity-Fed Watering Systems for Potted Plants
How Much Does Balcony Drip Irrigation Cost to Set Up?,9.5,buyer,1,1,Budget and pricing information,"information, drip, pricing, much, set, budget",balcony drip irrigation for container plants,How Much Does Balcony Drip Irrigation Cost to Set Up?
How to Test a DIY Watering System Before Vacation,9.5,pain-point,1,1,System reliability checks,"before, vacation, checks, test, reliability, diy",cheap diy watering for balcony plants,How to Test a DIY Watering System Before Vacation
Low-Cost Drip Irrigation Using Recycled Materials,9.5,buyer,1,1,Budget hacks and repurposing items,"repurposing, hacks, recycled, materials, drip, using",best budget drip irrigation kits for apartment balconies,Low-Cost Drip Irrigation Using Recycled Materials
Starter Kit vs. Building Your Own Drip System: Timer Considerations,9.5,buyer,1,1,DIY vs. pre-made decisions,"made, own, drip, pre, kit, starter",best hose timers for balcony drip irrigation systems,Starter Kit vs. Building Your Own Drip System: Timer Considerations
Battery-Powered Drip Irrigation Timer for Renters,9.0,buyer,1,1,Plug-free automation options,"plug, free, drip, powered, renters, options",best budget drip irrigation kits for apartment balconies,Battery-Powered Drip Irrigation Timer for Renters
Best Neighbors to Ask for Plant Watering Help,9.0,pain-point,1,1,Customer considering trusted friend option,"customer, considering, trusted, neighbors, ask, help",watering balcony plants while away,Best Neighbors to Ask for Plant Watering Help
Do You Leave the Tap Running When Using a Hose Timer?,9.0,buyer,1,1,Understanding how hose timers work,"tap, running, timers, understanding, hose, timer",best hose timers for balcony drip irrigation systems,Do You Leave the Tap Running When Using a Hose Timer?
How to Water Balcony Plants Without Disturbing Neighbors Below,9.0,pain-point,1,1,Considerate watering practices,"disturbing, considerate, practices, neighbors, below",renter friendly balcony watering system,How to Water Balcony Plants Without Disturbing Neighbors Below
Outdoor Faucet Timers: Complete Setup Guide for Patios,9.0,buyer,1,1,Learn installation and use,"complete, patios, faucet, guide, installation, setup",automatic watering for potted patio plants,Outdoor Faucet Timers: Complete Setup Guide for Patios
Plastic Bottle Watering Hack for Plants While Away,9.0,pain-point,1,1,Customer wants cheap DIY solutions,"customer, bottle, solutions, wants, plastic, cheap",watering balcony plants while away,Plastic Bottle Watering Hack for Plants While Away
What to Do When Your Balcony Watering Floods Neighbors,9.0,pain-point,1,1,Problem-solving and responsibility,"responsibility, solving, neighbors, problem, floods",renter friendly balcony watering system,What to Do When Your Balcony Watering Floods Neighbors
"Apartment Balcony Watering: No Tap, No Problem",8.5,pain-point,1,1,Urban gardening solution,"solution, tap, gardening, urban, problem",how to water balcony plants without a tap,"Apartment Balcony Watering: No Tap, No Problem"
Balcony Watering Without Damaging Downstairs Neighbors,8.5,pain-point,1,1,Apartment-friendly solutions,"friendly, damaging, neighbors, solutions, downstairs",cheap diy watering for balcony plants,Balcony Watering Without Damaging Downstairs Neighbors
Battery Life on Wireless Hose Timers: What to Expect,8.5,buyer,1,1,Understanding maintenance needs,"needs, wireless, life, maintenance, understanding, hose",best hose timers for balcony drip irrigation systems,Battery Life on Wireless Hose Timers: What to Expect
Best Container Gardening Setup for Automatic Watering,8.5,buyer,1,1,Choosing containers that work with systems,"gardening, choosing, automatic, setup, systems, work",balcony container watering system,Best Container Gardening Setup for Automatic Watering
Best Drip Irrigation Kit Under $50,8.5,buyer,1,1,Affordable options,"drip, kit, options, affordable, under, irrigation",best budget drip irrigation kits for apartment balconies,Best Drip Irrigation Kit Under $50
Best Drip Irrigation Kits for Tomatoes and Herbs in Containers,8.5,buyer,1,1,System choice for specific plants,"tomatoes, choice, herbs, specific, kits, drip",best budget drip irrigation kits for apartment balconies,Best Drip Irrigation Kits for Tomatoes and Herbs in Containers
Best Drip Irrigation Setup for Container Gardens on Balconies,8.5,buyer,1,1,Efficient watering for potted plants in limited spaces,"potted, limited, efficient, drip, setup, spaces",gravity fed watering system for balcony plants,Best Drip Irrigation Setup for Container Gardens on Balconies
Best Hose Timers for Balcony Gardens: A Beginner's Guide,8.5,buyer,1,1,Finding the right timer for small spaces,"right, beginner, small, guide, spaces, finding",best hose timers for balcony drip irrigation systems,Best Hose Timers for Balcony Gardens: A Beginner's Guide
Best Planters with Built-in Drainage for Balconies,8.5,buyer,1,1,Finding containers that work with watering systems,"drainage, finding, systems, work, planters, built",balcony container watering system,Best Planters with Built-in Drainage for Balconies
Best Plants for Automated Watering Systems on Balconies,8.5,buyer,1,1,Finding plants that work with systems,"work, systems, finding, automated",balcony container watering system,Best Plants for Automated Watering Systems on Balconies
Best Portable Watering Systems for Apartments,8.5,buyer,1,1,Easy setup and takedown options,"portable, easy, setup, takedown, options, systems",renter friendly balcony watering system,Best Portable Watering Systems for Apartments
Best Soaker Hose Setup for Balcony Gardening,8.5,buyer,1,1,Soaker hose solutions,"gardening, soaker, solutions, setup, hose",cheap diy watering for balcony plants,Best Soaker Hose Setup for Balcony Gardening
Can I Use a Hose Inside to Water My Balcony Garden,8.5,buyer,1,1,Indoor hose feasibility,"feasibility, inside, indoor, hose",how to water balcony plants without a tap,Can I Use a Hose Inside to Water My Balcony Garden
Dealing with Water Dripping on Neighbors' Balconies,8.5,pain-point,1,1,Responsible watering practices,"dealing, practices, neighbors, responsible, dripping",renter friendly balcony watering system,Dealing with Water Dripping on Neighbors' Balconies
Deck and Balcony Watering: Which Timer Setup Works Best?,8.5,buyer,1,1,Outdoor space-specific solutions,"which, space, specific, solutions, setup, timer",best hose timers for balcony drip irrigation systems,Deck and Balcony Watering: Which Timer Setup Works Best?
Hose Timer Installation: What Could Go Wrong?,8.5,buyer,1,1,Common mistakes and solutions,"solutions, hose, timer, wrong, installation, mistakes",best hose timers for balcony drip irrigation systems,Hose Timer Installation: What Could Go Wrong?
How to Attach a Hose to a Water Butt for Balcony Use,8.5,buyer,1,1,Equipment connection guide,"guide, attach, butt, hose, equipment, connection",how to water balcony plants without a tap,How to Attach a Hose to a Water Butt for Balcony Use
How to Choose a Hose Timer for Your First Drip System,8.5,buyer,1,1,Beginner's selection guide,"first, beginner, choose, guide, drip, hose",best hose timers for balcony drip irrigation systems,How to Choose a Hose Timer for Your First Drip System
How to Set Up a Watering Timer for Apartment Balconies,8.5,buyer,1,1,Installation and setup guidance,"setup, timer, set, installation, guidance",best automatic watering system for balcony containers,How to Set Up a Watering Timer for Apartment Balconies
How to Set Up Rainbird Balcony Irrigation Kit,8.5,buyer,1,1,Specific product setup,"rainbird, specific, kit, setup, set, product",cheap diy watering for balcony plants,How to Set Up Rainbird Balcony Irrigation Kit
How to Tell If Your Hose Timer Is Working Properly,8.5,buyer,1,1,Troubleshooting timer issues,"troubleshooting, working, properly, tell, hose, timer",best hose timers for balcony drip irrigation systems,How to Tell If Your Hose Timer Is Working Properly
How to Transition from Hand Watering to Automatic Systems,8.5,buyer,1,1,Migration and adjustment tips,"migration, automatic, adjustment, systems, hand, transition",best automatic watering system for balcony containers,How to Transition from Hand Watering to Automatic Systems
How to Use an Aquarium Pump to Drain a Flooded Balcony,8.5,buyer,1,1,Emergency water removal,"drain, flooded, aquarium, emergency, pump, removal",how to stop water from pooling on your balcony,How to Use an Aquarium Pump to Drain a Flooded Balcony
How to Water Tall Potted Plants Automatically on Your Balcony,8.5,buyer,1,1,Reaching elevated plants with timers,"potted, automatically, reaching, tall, elevated, timers",best hose timers for balcony drip irrigation systems,How to Water Tall Potted Plants Automatically on Your Balcony
Is Pooling Water on a Balcony a Landlord's Responsibility?,8.5,pain-point,1,1,Renter's rights and responsibilities,"responsibility, responsibilities, rights, landlord, renter, pooling",how to stop water from pooling on your balcony,Is Pooling Water on a Balcony a Landlord's Responsibility?
Water Wicking Systems: How Do They Work for Potted Plants?,8.5,buyer,1,1,Understand capillary mat technology,"potted, wicking, mat, technology, capillary, they",automatic watering for potted patio plants,Water Wicking Systems: How Do They Work for Potted Plants?
What Happens to Plant Roots with Automatic Watering Systems?,8.5,buyer,1,1,Plant health and root development,"root, health, automatic, development, happens, systems",best automatic watering system for balcony containers,What Happens to Plant Roots with Automatic Watering Systems?
What Is a Smart Hose Timer and Do You Need One?,8.5,buyer,1,1,Understanding smart timer features,"features, one, understanding, hose, timer, smart",best hose timers for balcony drip irrigation systems,What Is a Smart Hose Timer and Do You Need One?
What Size Water Reservoir Do Balcony Plants Need?,8.5,buyer,1,1,Determining capacity for their setup,"reservoir, size, setup, determining, capacity",balcony container watering system,What Size Water Reservoir Do Balcony Plants Need?
What's the Difference Between Drip Irrigation and Sprinkler Watering Systems?,8.5,buyer,1,1,Method comparison for containers,"drip, comparison, sprinkler, systems, between, difference",best automatic watering system for balcony containers,What's the Difference Between Drip Irrigation and Sprinkler Watering Systems?
Apartment Balcony Garden: Complete Drip System Setup,8.0,buyer,1,1,Full walkthrough for beginners,"complete, drip, setup, walkthrough, beginners, full",best budget drip irrigation kits for apartment balconies,Apartment Balcony Garden: Complete Drip System Setup
Are Drip Irrigation Kits Worth the Investment?,8.0,buyer,1,1,Cost-benefit analysis for apartment gardeners,"analysis, gardeners, investment, kits, drip, benefit",best budget drip irrigation kits for apartment balconies,Are Drip Irrigation Kits Worth the Investment?
Are Expensive Hose Timers Actually More Reliable?,8.0,buyer,1,1,Quality vs. price analysis,"analysis, price, expensive, reliable, hose, quality",best hose timers for balcony drip irrigation systems,Are Expensive Hose Timers Actually More Reliable?
Automatic Watering for 20+ Potted Plants: What Actually Works,8.0,pain-point,1,1,Solve watering problems for large collections,"potted, problems, large, solve, collections, automatic",automatic watering for potted patio plants,Automatic Watering for 20+ Potted Plants: What Actually Works
"Automatic Watering in Hot, Dry Climates: What Works",8.0,pain-point,1,1,Handle extreme weather conditions,"weather, hot, handle, extreme, dry, conditions",automatic watering for potted patio plants,"Automatic Watering in Hot, Dry Climates: What Works"
Automatic Watering System Leaks: How to Troubleshoot Common Problems,8.0,pain-point,1,1,Issue identification and fixes,"issue, problems, leaks, fixes, automatic, troubleshoot",best automatic watering system for balcony containers,Automatic Watering System Leaks: How to Troubleshoot Common Problems
Automatic Watering Systems for Small Balconies: Space-Saving Options,8.0,buyer,1,1,Compact solutions,"small, solutions, automatic, saving, compact, options",best automatic watering system for balcony containers,Automatic Watering Systems for Small Balconies: Space-Saving Options
Automatic Watering Systems That Don't Require WiFi,8.0,buyer,1,1,Find offline options,"offline, don, require, find, automatic, options",automatic watering for potted patio plants,Automatic Watering Systems That Don't Require WiFi
Balcony Drainage Problems: How to Solve Them,8.0,pain-point,1,1,Understanding and fixing drainage,"problems, solve, understanding, drainage, them, fixing",how to stop water from pooling on your balcony,Balcony Drainage Problems: How to Solve Them
Balcony Watering System Comparison: Hoses vs. Timers vs. Manual,8.0,buyer,1,1,Decision-making framework,"framework, making, manual, comparison, hoses, decision",renter friendly balcony watering system,Balcony Watering System Comparison: Hoses vs. Timers vs. Manual
Balcony Watering System: Drip Irrigation vs. Timer vs. Self-Watering,8.0,buyer,1,1,Comparison of different methods,"methods, drip, comparison, self, timer, different",best automatic watering system for balcony containers,Balcony Watering System: Drip Irrigation vs. Timer vs. Self-Watering
Battery-Powered Hose Timers for Balcony Watering: Setup Guide,8.0,buyer,1,1,Easy timer installation and use,"easy, guide, powered, setup, hose, timer",balcony drip irrigation for container plants,Battery-Powered Hose Timers for Balcony Watering: Setup Guide
Best Automatic Watering System for Vacation (2+ Weeks Away),8.0,pain-point,1,1,Extended absence solutions,"absence, vacation, weeks, automatic, extended, solutions",best automatic watering system for balcony containers,Best Automatic Watering System for Vacation (2+ Weeks Away)
Best Moisture Meters to Monitor Plants While Away,8.0,pain-point,1,1,Customer wants to check soil remotely,"customer, check, moisture, monitor, meters, wants",watering balcony plants while away,Best Moisture Meters to Monitor Plants While Away
Best Under-Pot Drip Catchers to Prevent Water Damage,8.0,pain-point,1,1,Apartment-friendly leak prevention,"friendly, catchers, pot, drip, leak, damage",best budget drip irrigation kits for apartment balconies,Best Under-Pot Drip Catchers to Prevent Water Damage
Bluetooth Hose Timers: Can You Really Control Them From Your Phone?,8.0,buyer,1,1,Remote watering capabilities,"remote, control, phone, them, hose, capabilities",best hose timers for balcony drip irrigation systems,Bluetooth Hose Timers: Can You Really Control Them From Your Phone?
Can a Basic Hose Timer Handle Multiple Drip Lines?,8.0,buyer,1,1,Capacity questions,"questions, handle, multiple, drip, hose, timer",best hose timers for balcony drip irrigation systems,Can a Basic Hose Timer Handle Multiple Drip Lines?
Can I Keep Balcony Plants in Sealed Bags While Away,8.0,pain-point,1,1,Vacation watering hack,"vacation, hack, keep, sealed, bags, away",how to water balcony plants without a tap,Can I Keep Balcony Plants in Sealed Bags While Away
Can I Use Plants to Prevent Balcony Water Pooling?,8.0,pain-point,1,1,Natural drainage solutions,"natural, solutions, drainage, pooling, prevent",how to stop water from pooling on your balcony,Can I Use Plants to Prevent Balcony Water Pooling?
Can Small Automatic Watering Systems Handle Multiple Containers?,8.0,buyer,1,1,Scalability and zone coverage,"small, handle, multiple, automatic, systems, coverage",best automatic watering system for balcony containers,Can Small Automatic Watering Systems Handle Multiple Containers?
Can You Mix Different Watering Methods on One Balcony?,8.0,buyer,1,1,Combining manual and automatic systems,"methods, manual, mix, one, automatic, systems",balcony container watering system,Can You Mix Different Watering Methods on One Balcony?
Can You Run a Garden Hose from Your Kitchen Sink to Balcony?,8.0,buyer,1,1,Indoor-to-outdoor water solutions,"run, outdoor, solutions, sink, hose, indoor",renter friendly balcony watering system,Can You Run a Garden Hose from Your Kitchen Sink to Balcony?
Can You Use a Garden Hose Inside an Apartment?,8.0,buyer,1,1,Understanding indoor hose options,"understanding, indoor, hose, options, inside",renter friendly balcony watering system,Can You Use a Garden Hose Inside an Apartment?
Can You Use One Hose Timer for Multiple Watering Zones?,8.0,buyer,1,1,Expanding timer coverage,"expanding, multiple, one, hose, timer, coverage",best hose timers for balcony drip irrigation systems,Can You Use One Hose Timer for Multiple Watering Zones?
Capillary Mats for Plant Watering: Setup and Benefits,8.0,buyer,1,1,Customer researching mat-based solutions,"mat, customer, researching, capillary, mats, solutions",watering balcony plants while away,Capillary Mats for Plant Watering: Setup and Benefits
Digital vs. Dial Hose Timers: Which Lasts Longer?,8.0,buyer,1,1,Timer durability comparison,"which, durability, comparison, hose, timer, lasts",best hose timers for balcony drip irrigation systems,Digital vs. Dial Hose Timers: Which Lasts Longer?
Do Automatic Watering Systems Reduce Plant Pests?,8.0,buyer,1,1,Understand health benefits beyond convenience,"reduce, pests, convenience, beyond, health, automatic",automatic watering for potted patio plants,Do Automatic Watering Systems Reduce Plant Pests?
Do Automatic Watering Systems Waste Water?,8.0,buyer,1,1,Water efficiency and sustainability,"waste, automatic, efficiency, systems, sustainability",best automatic watering system for balcony containers,Do Automatic Watering Systems Waste Water?
Do I Need Special Pots for Automatic Watering Systems?,8.0,buyer,1,1,Container compatibility,"pots, compatibility, automatic, special, systems",best automatic watering system for balcony containers,Do I Need Special Pots for Automatic Watering Systems?
Do You Really Need a Timer for Drip Irrigation?,8.0,buyer,1,1,Understanding if timers are essential for drip systems,"essential, drip, understanding, timer, systems, timers",best hose timers for balcony drip irrigation systems,Do You Really Need a Timer for Drip Irrigation?
Drip Irrigation Adapters for Garden Hoses,8.0,buyer,1,1,Hose attachment options,"adapters, drip, hoses, hose, attachment, options",cheap diy watering for balcony plants,Drip Irrigation Adapters for Garden Hoses
Drip Irrigation for Raised Beds: Timer Setup Guide,8.0,buyer,1,1,Installing timers on raised garden systems,"raised, beds, guide, drip, installing, setup",best hose timers for balcony drip irrigation systems,Drip Irrigation for Raised Beds: Timer Setup Guide
Drip Irrigation Setup for Balcony Container Plants,8.0,buyer,1,1,Customer wants permanent watering solution,"customer, solution, drip, wants, setup, permanent",watering balcony plants while away,Drip Irrigation Setup for Balcony Container Plants
Drip Irrigation System Without Hose Hookup: Does It Work?,8.0,buyer,1,1,Alternative water source methods,"methods, drip, hose, alternative, hookup, work",best budget drip irrigation kits for apartment balconies,Drip Irrigation System Without Hose Hookup: Does It Work?
Drip Irrigation Timer Setup for Beginners,8.0,buyer,1,1,How to automate watering with timers,"drip, setup, automate, timer, beginners, timers",best budget drip irrigation kits for apartment balconies,Drip Irrigation Timer Setup for Beginners
Flat vs Round Drip Tubing: Which Works Better for Balconies?,8.0,buyer,1,1,Material comparison for small spaces,"tubing, which, round, small, material, drip",best budget drip irrigation kits for apartment balconies,Flat vs Round Drip Tubing: Which Works Better for Balconies?
From Soda Bottles to Smart Systems: Evolution of Balcony Plant Watering,8.0,buyer,1,1,Compare watering method options,"bottles, compare, method, options, systems, evolution",balcony drip irrigation for container plants,From Soda Bottles to Smart Systems: Evolution of Balcony Plant Watering
Gardena Balcony Watering System Setup Guide,8.0,buyer,1,1,Brand-specific solution,"solution, gardena, brand, specific, guide, setup",how to water balcony plants without a tap,Gardena Balcony Watering System Setup Guide
Gateway Required? Understanding Wireless Hose Timer Requirements,8.0,buyer,1,1,Technical setup confusion,"wireless, technical, required, understanding, requirements, setup",best hose timers for balcony drip irrigation systems,Gateway Required? Understanding Wireless Hose Timer Requirements
Hand Watering vs Automatic Systems for Balcony Plants,8.0,buyer,1,1,Method comparison,"automatic, comparison, systems, hand, method",how to water balcony plants without a tap,Hand Watering vs Automatic Systems for Balcony Plants
Hiring Someone to Water Plants While Away: What to Expect,8.0,pain-point,1,1,Customer considering professional plant sitting services,"professional, customer, services, considering, expect, hiring",watering balcony plants while away,Hiring Someone to Water Plants While Away: What to Expect
How to Keep Plants Moist During a 2-Week Vacation,8.0,pain-point,1,1,Customer with extended travel plans,"customer, vacation, keep, travel, extended, moist",watering balcony plants while away,How to Keep Plants Moist During a 2-Week Vacation
How to Keep Plants Watered While Away for 2+ Weeks,8.0,pain-point,1,1,Vacation watering solutions,"vacation, keep, weeks, solutions, watered, away",best budget drip irrigation kits for apartment balconies,How to Keep Plants Watered While Away for 2+ Weeks
How to Keep Your Balcony Dry During Rainy Season,8.0,pain-point,1,1,Seasonal water management,"keep, rainy, dry, season, seasonal, during",how to stop water from pooling on your balcony,How to Keep Your Balcony Dry During Rainy Season
How to Position Plants in Bathtub for Vacation Watering,8.0,pain-point,1,1,Customer implementing bathtub method,"customer, implementing, vacation, bathtub, method, position",watering balcony plants while away,How to Position Plants in Bathtub for Vacation Watering
How to Prevent Container Plants from Drying Out Between Waterings,8.0,pain-point,1,1,Moisture retention techniques,"moisture, waterings, out, techniques, between, retention",balcony drip irrigation for container plants,How to Prevent Container Plants from Drying Out Between Waterings
How to Prevent Drip Line Freezing in Cold Climates,8.0,pain-point,1,1,Winter protection strategies,"strategies, line, protection, cold, winter, drip",best budget drip irrigation kits for apartment balconies,How to Prevent Drip Line Freezing in Cold Climates
How to Prevent Mold and Mildew From Pooling Balcony Water,8.0,pain-point,1,1,Health implications,"mildew, health, implications, pooling, prevent, mold",how to stop water from pooling on your balcony,How to Prevent Mold and Mildew From Pooling Balcony Water
How to Prevent Overwatering Balcony Plants,8.0,pain-point,1,1,Avoiding common mistakes,"avoiding, overwatering, prevent, mistakes, common",cheap diy watering for balcony plants,How to Prevent Overwatering Balcony Plants
How to Redirect Balcony Water Away From Your Sliding Doors,8.0,pain-point,1,1,Protecting entryways,"redirect, protecting, entryways, doors, sliding, away",how to stop water from pooling on your balcony,How to Redirect Balcony Water Away From Your Sliding Doors
How to Tell if Balcony Pooling is a Structural Problem,8.0,pain-point,1,1,Assessing severity,"structural, severity, assessing, problem, tell, pooling",how to stop water from pooling on your balcony,How to Tell if Balcony Pooling is a Structural Problem
How to Tell If Your Plants Are Dehydrated After You Return,8.0,pain-point,1,1,Customer wants to assess plant health post-vacation,"customer, vacation, dehydrated, assess, after, health",watering balcony plants while away,How to Tell If Your Plants Are Dehydrated After You Return
How to Troubleshoot Common Drip Irrigation Problems,8.0,pain-point,1,1,"Fixing clogs, leaks, and uneven watering","problems, leaks, drip, troubleshoot, clogs, fixing",best budget drip irrigation kits for apartment balconies,How to Troubleshoot Common Drip Irrigation Problems
Liquid Fertilizer in Plant Watering Systems: Should You?,8.0,buyer,1,1,Customer wants to combine feeding with watering,"customer, fertilizer, combine, wants, liquid, systems",watering balcony plants while away,Liquid Fertilizer in Plant Watering Systems: Should You?
Maintenance Tips for Balcony Watering Systems,8.0,buyer,1,1,Keeping systems working long-term,"keeping, working, maintenance, long, term, systems",renter friendly balcony watering system,Maintenance Tips for Balcony Watering Systems
Micro Drip Irrigation Kit for Small Apartment Gardens,8.0,buyer,1,1,Compact system options,"small, drip, kit, compact, options, micro",best budget drip irrigation kits for apartment balconies,Micro Drip Irrigation Kit for Small Apartment Gardens
Moisture Sensors With Hose Timers: Essential or Overkill?,8.0,buyer,1,1,Advanced timer features,"essential, overkill, moisture, sensors, features, hose",best hose timers for balcony drip irrigation systems,Moisture Sensors With Hose Timers: Essential or Overkill?
Multi-Zone Hose Timers: When Do You Really Need Them?,8.0,buyer,1,1,Understanding zone watering benefits,"timers, understanding, them, hose, multi, zone",best hose timers for balcony drip irrigation systems,Multi-Zone Hose Timers: When Do You Really Need Them?
Quick Clip Attachments vs. Permanent Drip Setup: Do Both Need Timers?,8.0,buyer,1,1,Flexibility in timer systems,"attachments, quick, clip, drip, flexibility, both",best hose timers for balcony drip irrigation systems,Quick Clip Attachments vs. Permanent Drip Setup: Do Both Need Timers?
Quick-Connect Fittings for Balcony Drip Irrigation: Installation Tips,8.0,buyer,1,1,Easy setup and adjustments,"easy, quick, tips, fittings, drip, connect",balcony drip irrigation for container plants,Quick-Connect Fittings for Balcony Drip Irrigation: Installation Tips
Rain Sensors and Hose Timers: Do They Work Together?,8.0,buyer,1,1,Smart watering during rainy periods,"periods, sensors, rainy, rain, they, together",best hose timers for balcony drip irrigation systems,Rain Sensors and Hose Timers: Do They Work Together?
Self-Watering Plant Containers: Are They Worth It?,8.0,buyer,1,1,Customer evaluating commercial solutions,"customer, evaluating, solutions, they, worth, self",watering balcony plants while away,Self-Watering Plant Containers: Are They Worth It?
Setting and Forgetting: How Long Can Timers Really Run Unattended?,8.0,buyer,1,1,Reliability over time,"forgetting, setting, run, over, long, unattended",best hose timers for balcony drip irrigation systems,Setting and Forgetting: How Long Can Timers Really Run Unattended?
Setting Up Drip Irrigation With a Timer in 30 Minutes,8.0,buyer,1,1,Quick installation solutions,"minutes, quick, setting, drip, solutions, timer",best hose timers for balcony drip irrigation systems,Setting Up Drip Irrigation With a Timer in 30 Minutes
Smart Plant Watering Systems That Work With Alexa and Google Home,8.0,buyer,1,1,Find voice-controlled options,"voice, google, controlled, find, home, options",automatic watering for potted patio plants,Smart Plant Watering Systems That Work With Alexa and Google Home
Smart Watering Systems with Phone Alerts: Are They Worth It?,8.0,buyer,1,1,Connected home technology benefits,"technology, alerts, home, they, phone, worth",best automatic watering system for balcony containers,Smart Watering Systems with Phone Alerts: Are They Worth It?
Soaker Hoses vs. Drip Irrigation: Which Needs a Timer?,8.0,buyer,1,1,Comparing watering method options,"which, needs, soaker, drip, comparing, hoses",best hose timers for balcony drip irrigation systems,Soaker Hoses vs. Drip Irrigation: Which Needs a Timer?
Solar Pump vs Battery Timer for Balcony Watering: Which Is Better?,8.0,buyer,1,1,Comparing power options for automated systems,"which, solar, power, automated, comparing, pump",balcony container watering system,Solar Pump vs Battery Timer for Balcony Watering: Which Is Better?
Step-by-Step: Installing Your First Automatic Patio Watering System,8.0,buyer,1,1,Learn setup process for beginners,"first, patio, process, automatic, installing, setup",automatic watering for potted patio plants,Step-by-Step: Installing Your First Automatic Patio Watering System
Timer-Based Watering vs. Sensor-Based: Which Is Better?,8.0,buyer,1,1,Compare automation technologies,"which, compare, technologies, sensor, timer, automation",automatic watering for potted patio plants,Timer-Based Watering vs. Sensor-Based: Which Is Better?
Two-Pump Irrigation Systems: When and Why You'd Need Multiple Pumps,8.0,buyer,1,1,Understand complex systems,"pumps, complex, why, multiple, two, pump",balcony drip irrigation for container plants,Two-Pump Irrigation Systems: When and Why You'd Need Multiple Pumps
Vacation Plant Care: What to Do in 24-48 Hours,8.0,pain-point,1,1,Customer with short notice travel,"customer, hours, vacation, care, notice, travel",watering balcony plants while away,Vacation Plant Care: What to Do in 24-48 Hours
Water Tank Placement for Hidden Balcony Irrigation Systems,8.0,buyer,1,1,Aesthetic and practical setup considerations,"placement, practical, tank, hidden, setup, systems",balcony drip irrigation for container plants,Water Tank Placement for Hidden Balcony Irrigation Systems
Watering Balcony Plants: Hose Timer Setup Guide,8.0,buyer,1,1,Learning to use timers for automation,"learning, guide, setup, hose, timer, automation",balcony container watering system,Watering Balcony Plants: Hose Timer Setup Guide
Watering Schedule Tips for Hose Timer Users,8.0,buyer,1,1,Optimizing timer settings,"optimizing, users, settings, hose, timer, schedule",best hose timers for balcony drip irrigation systems,Watering Schedule Tips for Hose Timer Users
Weekend Getaway? How Hose Timers Give You Peace of Mind,8.0,buyer,1,1,Travel confidence with automatic systems,"confidence, peace, mind, travel, getaway, give",best hose timers for balcony drip irrigation systems,Weekend Getaway? How Hose Timers Give You Peace of Mind
What Damage Can Pooling Water Cause to Your Balcony?,8.0,pain-point,1,1,Understanding consequences,"understanding, damage, consequences, pooling, cause",how to stop water from pooling on your balcony,What Damage Can Pooling Water Cause to Your Balcony?
What Happens if You Ignore Pooling Water on Your Balcony?,8.0,pain-point,1,1,Long-term consequences,"long, term, happens, ignore, consequences, pooling",how to stop water from pooling on your balcony,What Happens if You Ignore Pooling Water on Your Balcony?
What Materials Can Help Prevent Balcony Water Pooling?,8.0,pain-point,1,1,Product recommendations,"recommendations, product, help, pooling, prevent, materials",how to stop water from pooling on your balcony,What Materials Can Help Prevent Balcony Water Pooling?
"What's the Best Watering System for Hot, Dry Climates?",8.0,pain-point,1,1,Solutions for plants needing frequent hydration,"hydration, hot, dry, solutions, climates, needing",gravity fed watering system for balcony plants,"What's the Best Watering System for Hot, Dry Climates?"
What's the Difference Between Pooling and Normal Moisture on a Balcony?,8.0,pain-point,1,1,Understanding severity levels,"pooling, normal, severity, moisture, understanding, levels",how to stop water from pooling on your balcony,What's the Difference Between Pooling and Normal Moisture on a Balcony?
Why Smart Hose Timers Are Game-Changers for Apartment Gardeners,8.0,buyer,1,1,Benefits for limited space gardeners,"limited, benefits, gardeners, game, hose, changers",best hose timers for balcony drip irrigation systems,Why Smart Hose Timers Are Game-Changers for Apartment Gardeners
Why Your Container Plants Keep Drying Out (And How to Fix It),8.0,pain-point,1,1,Troubleshoot watering problems,"problems, keep, fix, why, troubleshoot, out",balcony drip irrigation for container plants,Why Your Container Plants Keep Drying Out (And How to Fix It)
WiFi Automatic Plant Watering: Is It Worth the Investment?,8.0,buyer,1,1,Decide if smart systems justify cost,"investment, automatic, justify, decide, worth, wifi",automatic watering for potted patio plants,WiFi Automatic Plant Watering: Is It Worth the Investment?
WiFi vs. Battery: Which Smart Hose Timer Should You Buy?,8.0,buyer,1,1,Comparing smart timer technologies,"which, technologies, buy, comparing, hose, timer",best hose timers for balcony drip irrigation systems,WiFi vs. Battery: Which Smart Hose Timer Should You Buy?
Will a Basic Timer Work With My Wireless Drip System?,8.0,buyer,1,1,Compatibility concerns,"will, wireless, compatibility, concerns, drip, timer",best hose timers for balcony drip irrigation systems,Will a Basic Timer Work With My Wireless Drip System?
Wireless Hose Timers: Are They Actually Worth It?,8.0,buyer,1,1,Evaluating wireless technology value,"technology, wireless, evaluating, they, worth, hose",best hose timers for balcony drip irrigation systems,Wireless Hose Timers: Are They Actually Worth It?
Balcony Water Pooling: Should I Patch or Replace?,7.5,pain-point,1,1,Repair vs. replacement decisions,"replacement, replace, decisions, pooling, repair, patch",how to stop water from pooling on your balcony,Balcony Water Pooling: Should I Patch or Replace?
Can a Clogged Drain Cause Balcony Pooling?,7.5,pain-point,1,1,Finding hidden causes,"causes, drain, clogged, hidden, finding, pooling",how to stop water from pooling on your balcony,Can a Clogged Drain Cause Balcony Pooling?
Can Rubber Mats Help With Balcony Water Pooling?,7.5,pain-point,1,1,Evaluating mat solutions,"mat, pooling, evaluating, rubber, mats, solutions",how to stop water from pooling on your balcony,Can Rubber Mats Help With Balcony Water Pooling?
Can Weatherproof Sealant Stop Water Pooling?,7.5,pain-point,1,1,Evaluating sealant solutions,"evaluating, weatherproof, sealant, solutions, stop, pooling",how to stop water from pooling on your balcony,Can Weatherproof Sealant Stop Water Pooling?
Can You Leave Your Garden Alone? Automatic Watering While on Vacation,7.5,pain-point,1,1,How to maintain plants while traveling,"vacation, maintain, traveling, automatic, leave, alone",best hose timers for balcony drip irrigation systems,Can You Leave Your Garden Alone? Automatic Watering While on Vacation
Can You Overwater Plants Before Vacation?,7.5,pain-point,1,1,Customer worried about pre-trip watering strategy,"worried, customer, strategy, before, vacation, pre",watering balcony plants while away,Can You Overwater Plants Before Vacation?
Container Size and Plant Watering Needs During Vacation,7.5,pain-point,1,1,Customer wants to understand pot size impact,"needs, customer, vacation, size, pot, wants",watering balcony plants while away,Container Size and Plant Watering Needs During Vacation
Emergency Plant Care: Last-Minute Vacation Watering,7.5,pain-point,1,1,Customer with sudden travel plans,"customer, vacation, care, travel, emergency, last",watering balcony plants while away,Emergency Plant Care: Last-Minute Vacation Watering
How to Make a Self-Watering Container System,7.5,diy-budget,1,1,DIY self-watering pots,"pots, diy, self, make",cheap diy watering for balcony plants,How to Make a Self-Watering Container System
How to Make a Watering System That Lasts 5+ Days Without Refilling,7.5,diy-budget,1,1,Extended capacity for less frequent maintenance,"days, less, refilling, maintenance, extended, capacity",gravity fed watering system for balcony plants,How to Make a Watering System That Lasts 5+ Days Without Refilling
How to Make Drip Irrigation Quieter,7.5,diy-budget,1,1,Noise reduction,"noise, drip, quieter, reduction, make, irrigation",cheap diy watering for balcony plants,How to Make Drip Irrigation Quieter
How to Measure Balcony Slope for Proper Drainage,7.5,diy-budget,1,1,DIY diagnostic steps,"diy, diagnostic, drainage, steps, measure, proper",how to stop water from pooling on your balcony,How to Measure Balcony Slope for Proper Drainage
Indoor Plant Humidity While Away: Is It a Concern?,7.5,pain-point,1,1,Customer worried about humidity levels,"worried, customer, concern, indoor, about, humidity",watering balcony plants while away,Indoor Plant Humidity While Away: Is It a Concern?
Is Pooling Water on a Balcony Dangerous?,7.5,pain-point,1,1,Safety and damage concerns,"dangerous, concerns, safety, damage, pooling",how to stop water from pooling on your balcony,Is Pooling Water on a Balcony Dangerous?
Overwatering Plants: Why It's Worse Than Underwatering,7.5,pain-point,1,1,Customer learning watering mistakes to avoid,"worse, customer, avoid, overwatering, learning, than",watering balcony plants while away,Overwatering Plants: Why It's Worse Than Underwatering
Plant Watering While Away: Indoor vs. Outdoor Tips,7.5,pain-point,1,1,Customer has mixed plant collection,"customer, mixed, indoor, has, collection, away",watering balcony plants while away,Plant Watering While Away: Indoor vs. Outdoor Tips
Preparing Your Balcony Plants for Extended Time Away,7.5,pain-point,1,1,Customer wants pre-vacation prep checklist,"customer, vacation, pre, extended, wants, prep",watering balcony plants while away,Preparing Your Balcony Plants for Extended Time Away
Quick Fixes for Pooling Water on Your Balcony,7.5,pain-point,1,1,Immediate solutions,"quick, immediate, fixes, solutions, pooling",how to stop water from pooling on your balcony,Quick Fixes for Pooling Water on Your Balcony
Self-Watering Pot Problems: Why Plants Still Die,7.5,pain-point,1,1,Troubleshoot common failures,"still, problems, pot, troubleshoot, self, die",automatic watering for potted patio plants,Self-Watering Pot Problems: Why Plants Still Die
Shade Cloths and Plant Watering: Do They Help While Away?,7.5,pain-point,1,1,Customer considering evaporation reduction,"customer, cloths, considering, shade, they, reduction",watering balcony plants while away,Shade Cloths and Plant Watering: Do They Help While Away?
Should I Be Concerned About Water Pooling on My Balcony?,7.5,pain-point,1,1,Health and safety questions,"questions, health, safety, concerned, pooling, about",how to stop water from pooling on your balcony,Should I Be Concerned About Water Pooling on My Balcony?
Vacation Plant Care for Succulents and Drought-Tolerant Plants,7.5,pain-point,1,1,Customer has low-water plants,"customer, vacation, care, tolerant, has, low",watering balcony plants while away,Vacation Plant Care for Succulents and Drought-Tolerant Plants
Vacation Plant Watering for Herbs and Vegetables,7.5,pain-point,1,1,Customer has edible plants to protect,"customer, edible, vacation, protect, has, vegetables",watering balcony plants while away,Vacation Plant Watering for Herbs and Vegetables
Watering Plants While on Vacation: Simple Solutions,7.5,pain-point,1,1,Keeping plants alive without being home,"keeping, vacation, home, alive, solutions, being",renter friendly balcony watering system,Watering Plants While on Vacation: Simple Solutions
What Materials Do You Need for a DIY Gravity Fed System?,7.5,diy-budget,1,1,Shopping list and sourcing information,"information, gravity, shopping, sourcing, diy, fed",gravity fed watering system for balcony plants,What Materials Do You Need for a DIY Gravity Fed System?
When Should I Call a Professional About Balcony Pooling?,7.5,pain-point,1,1,When to seek help,"professional, seek, help, pooling, call, about",how to stop water from pooling on your balcony,When Should I Call a Professional About Balcony Pooling?
Why Is Water Pooling Against My Balcony Building?,7.5,pain-point,1,1,Understanding external drainage,"pooling, external, understanding, drainage, building, against",how to stop water from pooling on your balcony,Why Is Water Pooling Against My Balcony Building?
Wicking System for Plants: How to Make and Use One,7.5,diy-budget,1,1,Customer wants detailed wicking instructions,"wicking, customer, one, instructions, wants, detailed",watering balcony plants while away,Wicking System for Plants: How to Make and Use One
Ziplock Bag Method for Watering Plants While Away,7.5,pain-point,1,1,Vacation watering hack,"vacation, hack, bag, ziplock, method, away",how to water balcony plants without a tap,Ziplock Bag Method for Watering Plants While Away
Automatic Watering for Flowering Potted Plants,7.0,general,1,2,Learn if automation works for patio containers,"potted, automation, patio, works, automate, learn",automatic watering for potted patio plants,Can You Automate Watering for Outdoor Potted Plants? | Automatic Watering for Flowering Potted Plants
Automatic Watering for Apartment Dwellers: What Are My Options?,7.0,renter-small-space,1,1,Solutions for renters and limited spaces,"limited, solutions, automatic, renters, spaces, options",best automatic watering system for balcony containers,Automatic Watering for Apartment Dwellers: What Are My Options?
Automatic Watering Without Electricity: DIY Options That Work,7.0,diy-budget,1,1,Passive watering solutions,"solutions, automatic, options, electricity, passive, work",automatic watering for potted patio plants,Automatic Watering Without Electricity: DIY Options That Work
Balcony Watering System for Renters: What You Need to Know,7.0,renter-small-space,1,1,"Temporary, non-invasive solutions","invasive, temporary, solutions, renters, non, know",balcony container watering system,Balcony Watering System for Renters: What You Need to Know
Can You Build a Watering System From Old Buckets and Supplies?,7.0,diy-budget,1,1,Upcycling approach to plant care,"care, supplies, build, upcycling, old, buckets",gravity fed watering system for balcony plants,Can You Build a Watering System From Old Buckets and Supplies?
Can You Mix Gravity Fed and Drip Irrigation Together?,7.0,diy-budget,1,1,Hybrid system possibilities,"gravity, mix, drip, hybrid, together, possibilities",gravity fed watering system for balcony plants,Can You Mix Gravity Fed and Drip Irrigation Together?
Can You Use a Bucket System to Water Multiple Containers?,7.0,diy-budget,1,1,Simple bucket-based solutions for balcony gardens,"multiple, solutions, bucket, simple, based",gravity fed watering system for balcony plants,Can You Use a Bucket System to Water Multiple Containers?
Can You Use a Gravity Fed System for Indoor Potted Plants?,7.0,diy-budget,1,1,Indoor vs outdoor application possibilities,"potted, application, gravity, indoor, possibilities, fed",gravity fed watering system for balcony plants,Can You Use a Gravity Fed System for Indoor Potted Plants?
Can You Use Inverted Bottle Watering for All Plant Types?,7.0,diy-budget,1,1,Learn DIY bottle trick limitations,"limitations, bottle, trick, inverted, types, all",automatic watering for potted patio plants,Can You Use Inverted Bottle Watering for All Plant Types?
Can You Use Reclaimed Materials to Build a Watering System?,7.0,diy-budget,1,1,DIY approach using recycled or found items,"recycled, build, found, using, items, approach",gravity fed watering system for balcony plants,Can You Use Reclaimed Materials to Build a Watering System?
Can You Use Wine Bottles or Soda Bottles for Plant Watering?,7.0,diy-budget,1,1,DIY watering bottle solutions,"bottles, bottle, solutions, wine, diy, soda",balcony drip irrigation for container plants,Can You Use Wine Bottles or Soda Bottles for Plant Watering?
DIY Capillary Watering System for Balcony Plants,7.0,diy-budget,1,1,Wick-based passive watering,"capillary, wick, passive, diy, based",cheap diy watering for balcony plants,DIY Capillary Watering System for Balcony Plants
DIY Moisture Meter for Balcony Plants,7.0,diy-budget,1,1,Checking soil moisture,"moisture, meter, checking, soil, diy",cheap diy watering for balcony plants,DIY Moisture Meter for Balcony Plants
DIY Plant Watering Spike System,7.0,diy-budget,1,1,Spike-based watering,"spike, diy, based",cheap diy watering for balcony plants,DIY Plant Watering Spike System
DIY Watering System Using 5-Gallon Buckets,7.0,diy-budget,1,1,Simple bucket-based solutions,"solutions, bucket, simple, gallon, using, buckets",cheap diy watering for balcony plants,DIY Watering System Using 5-Gallon Buckets
How Long Will a Gravity Fed System Keep Plants Watered?,7.0,diy-budget,1,1,Understanding water capacity and refill frequency,"frequency, will, keep, refill, gravity, long",gravity fed watering system for balcony plants,How Long Will a Gravity Fed System Keep Plants Watered?
How Often Should You Refill a Gravity Fed Plant Watering System?,7.0,diy-budget,1,1,Maintenance frequency and scheduling,"frequency, refill, maintenance, gravity, often, scheduling",gravity fed watering system for balcony plants,How Often Should You Refill a Gravity Fed Plant Watering System?
How to Communicate Balcony Drainage Issues to Your Building Manager,7.0,renter-small-space,1,1,Renter communication guide,"manager, communication, communicate, guide, drainage, renter",how to stop water from pooling on your balcony,How to Communicate Balcony Drainage Issues to Your Building Manager
How to Install a Simple Watering System on a Rental Balcony,7.0,renter-small-space,1,1,"Non-permanent, renter-friendly solutions","friendly, solutions, rental, simple, non, renter",gravity fed watering system for balcony plants,How to Install a Simple Watering System on a Rental Balcony
How to Install Drip Irrigation Without Damaging Apartment Floors,7.0,renter-small-space,1,1,Renter-friendly installation,"friendly, damaging, drip, renter, install, installation",best budget drip irrigation kits for apartment balconies,How to Install Drip Irrigation Without Damaging Apartment Floors
How to Set Up Drip Irrigation Without a Garden Tap,7.0,renter-small-space,1,1,Working with limited infrastructure,"limited, infrastructure, tap, working, drip, set",renter friendly balcony watering system,How to Set Up Drip Irrigation Without a Garden Tap
What to Do if Your Rental Balcony Pools Water,7.0,renter-small-space,1,1,Steps for renters,"rental, renters, pools, steps",how to stop water from pooling on your balcony,What to Do if Your Rental Balcony Pools Water
Apartment Balcony Watering System Without Landlord Permission Issues,6.5,renter-small-space,1,1,Renter-friendly solutions,"friendly, solutions, landlord, renter, permission, issues",balcony container watering system,Apartment Balcony Watering System Without Landlord Permission Issues
Balcony Watering System That Won't Damage Your Flooring,6.5,renter-small-space,1,1,Protecting rental property,"protecting, property, rental, damage, won, flooring",renter friendly balcony watering system,Balcony Watering System That Won't Damage Your Flooring
Can You Install a Watering System in a Rental?,6.5,renter-small-space,1,1,Understanding renter rights and options,"rights, understanding, rental, renter, options, install",renter friendly balcony watering system,Can You Install a Watering System in a Rental?
Drip Irrigation for Balcony Plants Without Tap Water,6.5,renter-small-space,1,1,Efficient watering method,"tap, efficient, drip, method, irrigation",how to water balcony plants without a tap,Drip Irrigation for Balcony Plants Without Tap Water
Renter-Friendly Watering Solutions That Don't Require Modifications,6.5,renter-small-space,1,1,Non-permanent installation options,"don, require, friendly, modifications, solutions, non",renter friendly balcony watering system,Renter-Friendly Watering Solutions That Don't Require Modifications
Self-Watering Planters for Balconies Without Tap,6.5,renter-small-space,1,1,Product-based solution,"tap, solution, self, product, planters, based",how to water balcony plants without a tap,Self-Watering Planters for Balconies Without Tap
Should I Use Tap Water or Filtered Water in My Automatic System?,6.5,renter-small-space,1,1,Water quality considerations,"tap, filtered, automatic, quality, considerations",best automatic watering system for balcony containers,Should I Use Tap Water or Filtered Water in My Automatic System?
Best Automatic Watering for Small Patios and Balconies,6.0,general,1,1,Find space-efficient solutions,"efficient, small, find, patios, solutions, automatic",automatic watering for potted patio plants,Best Automatic Watering for Small Patios and Balconies
Best Balcony Waterproofing Solutions for Drainage,6.0,general,1,1,Long-term fixes,"waterproofing, fixes, long, solutions, term, drainage",how to stop water from pooling on your balcony,Best Balcony Waterproofing Solutions for Drainage
Best Container Plants for Minimal Watering,6.0,general,1,1,Low-maintenance alternatives,"low, maintenance, minimal, alternatives",how to water balcony plants without a tap,Best Container Plants for Minimal Watering
Best Container Size and Material for Balcony Gardens,6.0,general,1,1,Choosing the right pots,"pots, right, size, material, choosing",cheap diy watering for balcony plants,Best Container Size and Material for Balcony Gardens
Best Drip Emitters for Container Plants,6.0,technical-setup,1,1,Component recommendations for potted gardens,"recommendations, potted, emitters, component, drip",best budget drip irrigation kits for apartment balconies,Best Drip Emitters for Container Plants
Best Plants for Balconies With Inconsistent Watering,6.0,general,1,1,Low-maintenance plant selection,"low, inconsistent, maintenance, selection",cheap diy watering for balcony plants,Best Plants for Balconies With Inconsistent Watering
Best Portable Water Container for Balcony Gardening,6.0,general,1,1,Mobile watering solution,"solution, gardening, portable, mobile",how to water balcony plants without a tap,Best Portable Water Container for Balcony Gardening
Best Self-Watering Planters for Different Plant Sizes,6.0,general,1,1,Match system to plant needs,"needs, self, sizes, different, planters, match",automatic watering for potted patio plants,Best Self-Watering Planters for Different Plant Sizes
Best Solution for Watering Plants on a Small Balcony,6.0,general,1,1,Space-efficient watering options,"solution, efficient, small, options, space",gravity fed watering system for balcony plants,Best Solution for Watering Plants on a Small Balcony
Best Time to Water Balcony Plants,6.0,general,1,1,Optimizing plant health and water use,"optimizing, time, health",renter friendly balcony watering system,Best Time to Water Balcony Plants
Best Watering System for Balcony Plants in Hot Weather,6.0,general,1,1,Climate-specific solutions,"weather, specific, hot, climate, solutions",gravity fed watering system for balcony plants,Best Watering System for Balcony Plants in Hot Weather
Best Way to Water Very Tall Hanging Plants on Balconies,6.0,general,1,1,"Solutions for hard-to-reach, elevated plants","very, hard, way, reach, solutions, tall",gravity fed watering system for balcony plants,Best Way to Water Very Tall Hanging Plants on Balconies
Best Ways to Drain Standing Water From a Balcony,6.0,general,1,1,Quick fixes for existing water,"drain, quick, ways, fixes, standing, existing",how to stop water from pooling on your balcony,Best Ways to Drain Standing Water From a Balcony
Can I Control My Watering System from My Phone?,6.0,general,1,1,Remote access and automation,"remote, control, access, phone, automation",best automatic watering system for balcony containers,Can I Control My Watering System from My Phone?
Can I Hire Someone to Water My Balcony Plants?,6.0,general,1,1,Plant-sitting services,"hire, services, sitting, someone",cheap diy watering for balcony plants,Can I Hire Someone to Water My Balcony Plants?
Can I Use Gray Water to Water Balcony Plants,6.0,general,1,1,Recycled water option,"option, recycled, gray",how to water balcony plants without a tap,Can I Use Gray Water to Water Balcony Plants
Can I Water Balcony Plants With Collected Rainwater,6.0,general,1,1,Sustainable watering option,"collected, option, sustainable, rainwater",how to water balcony plants without a tap,Can I Water Balcony Plants With Collected Rainwater
How to Adjust Drip Irrigation Water Output for Different Plant Types,6.0,technical-setup,1,1,Customize watering for various containers,"adjust, customize, various, drip, types, different",balcony drip irrigation for container plants,How to Adjust Drip Irrigation Water Output for Different Plant Types
How to Check if Your Balcony Has Proper Slope,6.0,general,1,1,Diagnosing drainage issues,"check, drainage, has, diagnosing, proper, issues",how to stop water from pooling on your balcony,How to Check if Your Balcony Has Proper Slope
How to Choose Between Manual and Automatic Balcony Watering,6.0,general,1,1,Comparing effort vs. convenience,"convenience, choose, manual, comparing, automatic, effort",balcony container watering system,How to Choose Between Manual and Automatic Balcony Watering
How to Create Better Drainage on a Flat Balcony,6.0,general,1,1,Fixing design flaws,"flat, drainage, flaws, fixing, create, design",how to stop water from pooling on your balcony,How to Create Better Drainage on a Flat Balcony
How to Design a Drip System for Multiple Balcony Pots,6.0,technical-setup,1,1,Layout and planning,"pots, multiple, planning, drip, layout, design",best budget drip irrigation kits for apartment balconies,How to Design a Drip System for Multiple Balcony Pots
How to Drain Your Balcony After Heavy Rain,6.0,general,1,1,Storm water management,"drain, storm, after, rain, heavy, management",how to stop water from pooling on your balcony,How to Drain Your Balcony After Heavy Rain
How to Drill Drainage Holes for Better Watering,6.0,general,1,1,Container preparation,"holes, preparation, drainage, drill",cheap diy watering for balcony plants,How to Drill Drainage Holes for Better Watering
How to Improve Balcony Drainage Without Major Renovation,6.0,general,1,1,Simple upgrades,"major, upgrades, drainage, simple, renovation, improve",how to stop water from pooling on your balcony,How to Improve Balcony Drainage Without Major Renovation
How to Keep Balcony Plants Watered in Hot Weather,6.0,general,1,1,Seasonal challenges and solutions,"weather, keep, hot, challenges, seasonal, solutions",renter friendly balcony watering system,How to Keep Balcony Plants Watered in Hot Weather
How to Keep Your Balcony Clean While Gardening,6.0,general,1,1,Managing water spillage and mess,"gardening, keep, clean, mess, managing, spillage",renter friendly balcony watering system,How to Keep Your Balcony Clean While Gardening
How to Mulch Balcony Plant Containers to Retain Water,6.0,general,1,1,Water retention techniques,"techniques, retain, mulch, retention",how to water balcony plants without a tap,How to Mulch Balcony Plant Containers to Retain Water
How to Reduce Evaporation in Balcony Plant Containers,6.0,general,1,1,Water conservation,"conservation, reduce, evaporation",how to water balcony plants without a tap,How to Reduce Evaporation in Balcony Plant Containers
How to Set Up a Self-Watering System That Actually Works,6.0,general,1,1,Practical implementation guidance,"practical, self, implementation, set, actually, works",gravity fed watering system for balcony plants,How to Set Up a Self-Watering System That Actually Works
How to Water Hanging Plants on Your Balcony,6.0,general,1,1,Specific plant type challenges,"specific, hanging, type, challenges",renter friendly balcony watering system,How to Water Hanging Plants on Your Balcony
How to Water Outdoor Potted Plants When You Travel,6.0,general,1,1,Solutions for plant care during absences,"potted, care, absences, travel, solutions, during",gravity fed watering system for balcony plants,How to Water Outdoor Potted Plants When You Travel
How to Water Plants in Saucers and Trays,6.0,general,1,1,Tray-based watering methods,"trays, tray, methods, saucers, based",cheap diy watering for balcony plants,How to Water Plants in Saucers and Trays
How to Water Plants on a High-Rise Balcony,6.0,general,1,1,Practical solution for apartments,"solution, high, rise, practical",how to water balcony plants without a tap,How to Water Plants on a High-Rise Balcony
How to Waterproof an Automatic Watering System on a Balcony,6.0,general,1,1,Weather protection and durability,"weather, waterproof, protection, durability, automatic",best automatic watering system for balcony containers,How to Waterproof an Automatic Watering System on a Balcony
Plant Watering Schedule: What to Do Before Leaving Home,6.0,technical-setup,1,1,Customer needs pre-trip checklist,"customer, needs, leaving, before, home, pre",watering balcony plants while away,Plant Watering Schedule: What to Do Before Leaving Home
Soil Types That Work Best with Balcony Drip Irrigation,6.0,technical-setup,1,1,Optimize containers for automated watering,"automated, drip, optimize, types, soil, work",balcony drip irrigation for container plants,Soil Types That Work Best with Balcony Drip Irrigation
What Are the Basic Parts of a Container Drip Irrigation System?,6.0,technical-setup,1,1,Understanding drip irrigation components,"drip, understanding, basic, components, parts, irrigation",balcony drip irrigation for container plants,What Are the Basic Parts of a Container Drip Irrigation System?
What Are the Drawbacks of Self-Watering Pots?,6.0,general,1,1,Understand limitations before purchasing,"pots, before, purchasing, self, understand, limitations",automatic watering for potted patio plants,What Are the Drawbacks of Self-Watering Pots?
What Automatic Watering System Works Best for Large Plants?,6.0,general,1,1,"Solutions for tall, hard-to-reach containers","hard, large, reach, solutions, automatic, tall",best automatic watering system for balcony containers,What Automatic Watering System Works Best for Large Plants?
What Causes Ponding Water on Balconies?,6.0,general,1,1,Learning about drainage issues,"causes, learning, drainage, ponding, issues, about",how to stop water from pooling on your balcony,What Causes Ponding Water on Balconies?
What Happens If My Automatic Watering System Fails?,6.0,general,1,1,Backup plans and contingencies,"automatic, happens, plans, contingencies, fails, backup",best automatic watering system for balcony containers,What Happens If My Automatic Watering System Fails?
What Is a Saucer System for Balcony Plant Watering?,6.0,general,1,1,Learning about simple water-holding methods,"holding, methods, learning, simple, saucer, about",balcony container watering system,What Is a Saucer System for Balcony Plant Watering?
What Size Drip Tubing Do I Need for My Balcony?,6.0,technical-setup,1,1,Choosing correct specifications,"tubing, size, choosing, drip, correct, specifications",best budget drip irrigation kits for apartment balconies,What Size Drip Tubing Do I Need for My Balcony?
What Size Water Reservoir Do You Need for Automatic Watering?,6.0,technical-setup,1,1,Calculate system requirements,"reservoir, size, automatic, requirements, calculate",automatic watering for potted patio plants,What Size Water Reservoir Do You Need for Automatic Watering?
What's the Best Automatic Watering System for Succulents and Cacti?,6.0,general,1,1,Specific plant type needs,"needs, cacti, type, specific, automatic, succulents",best automatic watering system for balcony containers,What's the Best Automatic Watering System for Succulents and Cacti?
What's the Cheapest Way to Water a Balcony Garden,6.0,general,1,1,Cost-effective options,"cheapest, way, options, effective",how to water balcony plants without a tap,What's the Cheapest Way to Water a Balcony Garden
What's the Cost of Hiring a Plant Watering Service?,6.0,general,1,1,Customer budgeting for professional care,"professional, customer, care, service, budgeting, hiring",watering balcony plants while away,What's the Cost of Hiring a Plant Watering Service?
Working 9-5? Here's How to Keep Your Garden Watered,6.0,general,1,1,Hands-off gardening for busy people,"off, gardening, working, keep, busy, here",best hose timers for balcony drip irrigation systems,Working 9-5? Here's How to Keep Your Garden Watered
Apartment Balcony Plant Care: The Complete Watering Guide,5.5,general,1,1,Comprehensive beginner resource,"resource, beginner, complete, care, comprehensive, guide",renter friendly balcony watering system,Apartment Balcony Plant Care: The Complete Watering Guide
Automatic Watering for Succulents in Pots: Will It Kill Them?,5.5,general,1,1,Understand plant-specific concerns,"pots, will, specific, concerns, kill, automatic",automatic watering for potted patio plants,Automatic Watering for Succulents in Pots: Will It Kill Them?
Balcony Drip Irrigation During Different Seasons: Adjusting Your System,5.5,technical-setup,1,1,Seasonal watering adjustments,"adjusting, drip, seasonal, adjustments, during, different",balcony drip irrigation for container plants,Balcony Drip Irrigation During Different Seasons: Adjusting Your System
Balcony Plant Watering Schedule for Beginners,5.5,technical-setup,1,1,When and how often to water,"schedule, often, beginners",cheap diy watering for balcony plants,Balcony Plant Watering Schedule for Beginners
Balcony Watering System for Small Spaces Under 50 Square Feet,5.5,general,1,1,Solutions for tiny balconies,"square, small, tiny, solutions, spaces, feet",balcony container watering system,Balcony Watering System for Small Spaces Under 50 Square Feet
Balcony Watering System for Windy Conditions,5.5,general,1,1,Wind-resistant solutions,"wind, resistant, windy, conditions, solutions",cheap diy watering for balcony plants,Balcony Watering System for Windy Conditions
Bathtub Plant Watering Trick: Does It Really Work?,5.5,general,1,1,Customer considering the popular bathtub method,"customer, trick, considering, popular, work, bathtub",watering balcony plants while away,Bathtub Plant Watering Trick: Does It Really Work?
Can Drip Irrigation Save Water on Apartment Patios?,5.5,technical-setup,1,1,Environmental and utility cost benefits,"benefits, patios, drip, environmental, save, utility",best budget drip irrigation kits for apartment balconies,Can Drip Irrigation Save Water on Apartment Patios?
Can One Watering System Handle Different Plant Types?,5.5,general,1,1,Versatility for mixed plant water requirements,"mixed, versatility, handle, one, requirements, types",gravity fed watering system for balcony plants,Can One Watering System Handle Different Plant Types?
Can You Leave Balcony Plants Unwatered for a Week?,5.5,general,1,1,Understanding plant resilience and watering gaps,"gaps, resilience, understanding, week, unwatered, leave",balcony container watering system,Can You Leave Balcony Plants Unwatered for a Week?
Can You Mix Manual and Automatic Watering?,5.5,general,1,1,Use hybrid approaches,"manual, mix, hybrid, automatic, approaches",automatic watering for potted patio plants,Can You Mix Manual and Automatic Watering?
Can You Use Drip Irrigation for Potted Plants?,5.5,technical-setup,1,1,Understand if drip irrigation works for containers,"potted, drip, understand, works, irrigation",balcony drip irrigation for container plants,Can You Use Drip Irrigation for Potted Plants?
Cheapest Way to Keep Balcony Plants Watered,5.5,general,1,1,Low-cost watering options,"way, keep, cheapest, options, watered, low",cheap diy watering for balcony plants,Cheapest Way to Keep Balcony Plants Watered
Clay Pot Watering Spikes: Do They Actually Work?,5.5,general,1,1,Customer evaluating spike watering devices,"spikes, customer, evaluating, devices, pot, they",watering balcony plants while away,Clay Pot Watering Spikes: Do They Actually Work?
Clogging Issues in Balcony Drip Irrigation: Prevention and Solutions,5.5,technical-setup,1,1,Maintain system efficiency,"prevention, maintain, drip, solutions, efficiency, issues",balcony drip irrigation for container plants,Clogging Issues in Balcony Drip Irrigation: Prevention and Solutions
Does My Balcony System Need Drainage Holes?,5.5,general,1,1,Understanding drainage requirements,"holes, understanding, drainage, requirements",balcony container watering system,Does My Balcony System Need Drainage Holes?
Does Self-Leveling Compound Work for Balcony Drainage?,5.5,general,1,1,Evaluating specific solutions,"evaluating, specific, solutions, drainage, self, leveling",how to stop water from pooling on your balcony,Does Self-Leveling Compound Work for Balcony Drainage?
"Drip Irrigation for Mixed Container Gardens: Herbs, Vegetables, and Flowers",5.5,technical-setup,1,1,Multi-plant watering strategies,"mixed, strategies, flowers, drip, multi, irrigation",balcony drip irrigation for container plants,"Drip Irrigation for Mixed Container Gardens: Herbs, Vegetables, and Flowers"
Drip Irrigation Maintenance: Cleaning and Filter Replacement,5.5,technical-setup,1,1,Long-term upkeep,"replacement, maintenance, drip, filter, long, term",best budget drip irrigation kits for apartment balconies,Drip Irrigation Maintenance: Cleaning and Filter Replacement
Drip Irrigation Spacing and Flow Rate: Getting It Right,5.5,technical-setup,1,1,Optimize watering for container plants,"getting, right, spacing, rate, flow, drip",balcony drip irrigation for container plants,Drip Irrigation Spacing and Flow Rate: Getting It Right
Drip Irrigation vs Hand Watering: Which Saves Time?,5.5,technical-setup,1,1,Comparing methods for apartment gardeners,"methods, which, gardeners, saves, drip, comparing",best budget drip irrigation kits for apartment balconies,Drip Irrigation vs Hand Watering: Which Saves Time?
Easiest Watering System for Balcony Gardeners (No Skills Required),5.5,general,1,1,Simple solutions for beginners,"gardeners, required, solutions, simple, skills, beginners",gravity fed watering system for balcony plants,Easiest Watering System for Balcony Gardeners (No Skills Required)
Expanding Your Balcony Drip System: Adding More Zones,5.5,technical-setup,1,1,Scaling up gradually,"gradually, expanding, scaling, adding, drip, more",best budget drip irrigation kits for apartment balconies,Expanding Your Balcony Drip System: Adding More Zones
How High Can You Mount a Drip Irrigation System?,5.5,technical-setup,1,1,Solutions for elevated plants and hanging baskets,"mount, drip, solutions, high, hanging, elevated",best budget drip irrigation kits for apartment balconies,How High Can You Mount a Drip Irrigation System?
How Long Can Automatic Watering Keep Plants Alive?,5.5,general,1,1,Understand reliability for extended absences,"keep, alive, absences, long, automatic, reliability",automatic watering for potted patio plants,How Long Can Automatic Watering Keep Plants Alive?
How Long Can Container Plants Survive on Drip Irrigation Alone?,5.5,technical-setup,1,1,System reliability and independence,"independence, survive, drip, long, alone, reliability",balcony drip irrigation for container plants,How Long Can Container Plants Survive on Drip Irrigation Alone?
How Much Does Professional Plant Watering Service Cost?,5.5,general,1,1,Pricing for plant-sitting,"professional, service, much, sitting, pricing",cheap diy watering for balcony plants,How Much Does Professional Plant Watering Service Cost?
How Much Slope Does a Balcony Need for Drainage?,5.5,general,1,1,Technical specifications for homeowners,"homeowners, technical, specifications, drainage, much, slope",how to stop water from pooling on your balcony,How Much Slope Does a Balcony Need for Drainage?
How Often Do You Need to Refill a 15-Gallon Watering Reservoir?,5.5,technical-setup,1,1,Specific capacity and maintenance questions,"reservoir, questions, refill, specific, maintenance, often",gravity fed watering system for balcony plants,How Often Do You Need to Refill a 15-Gallon Watering Reservoir?
How Often Should I Check My Automatic Watering System?,5.5,technical-setup,1,1,Maintenance and monitoring frequency,"frequency, check, monitoring, maintenance, often, automatic",best automatic watering system for balcony containers,How Often Should I Check My Automatic Watering System?
How Often Should You Water Potted Patio Plants?,5.5,technical-setup,1,1,Learn proper watering frequency,"potted, frequency, patio, often, proper, learn",automatic watering for potted patio plants,How Often Should You Water Potted Patio Plants?
How Often Should You Water With an Automatic System?,5.5,general,1,1,Setting proper watering schedules,"schedules, setting, often, automatic, proper",best hose timers for balcony drip irrigation systems,How Often Should You Water With an Automatic System?
Humidity Control and Watering for Balcony Plants,5.5,general,1,1,Environmental factors,"control, environmental, humidity, factors",how to water balcony plants without a tap,Humidity Control and Watering for Balcony Plants
Indoor Balcony Drip Irrigation: Managing Water Without Mess,5.5,technical-setup,1,1,Clean watering for covered spaces,"mess, clean, covered, drip, managing, indoor",balcony drip irrigation for container plants,Indoor Balcony Drip Irrigation: Managing Water Without Mess
Indoor Water Source for Balcony Watering,5.5,general,1,1,Connecting water inside to outside,"outside, connecting, indoor, inside, source",renter friendly balcony watering system,Indoor Water Source for Balcony Watering
Is Drip Irrigation More Water-Efficient Than Hand Watering?,5.5,technical-setup,1,1,Understand efficiency benefits,"benefits, efficient, understand, drip, than, efficiency",balcony drip irrigation for container plants,Is Drip Irrigation More Water-Efficient Than Hand Watering?
Most Common Mistakes With Container Plant Watering,5.5,general,1,1,Avoid killing plants with wrong techniques,"wrong, techniques, most, mistakes, common, killing",automatic watering for potted patio plants,Most Common Mistakes With Container Plant Watering
Mulch and Black Plastic Trick to Reduce Plant Watering,5.5,general,1,1,Customer wants evaporation reduction methods,"methods, customer, reduce, black, trick, wants",watering balcony plants while away,Mulch and Black Plastic Trick to Reduce Plant Watering
Mulch and Drip Irrigation: The Perfect Combination for Container Plants,5.5,technical-setup,1,1,Best practices for container plant care,"care, perfect, practices, drip, mulch, combination",balcony drip irrigation for container plants,Mulch and Drip Irrigation: The Perfect Combination for Container Plants
Plant Watering Apps: Can Technology Help While You're Gone?,5.5,general,1,1,Customer wants smart watering reminders,"reminders, customer, technology, smart, wants, gone",watering balcony plants while away,Plant Watering Apps: Can Technology Help While You're Gone?
Pressure Regulators for Drip Irrigation: Why You Need Them,5.5,technical-setup,1,1,Understanding system components,"pressure, regulators, why, drip, understanding, them",best budget drip irrigation kits for apartment balconies,Pressure Regulators for Drip Irrigation: Why You Need Them
Preventing Water Damage to Balconies from Watering,5.5,general,1,1,Protecting property and deposits,"deposits, protecting, property, damage, preventing",renter friendly balcony watering system,Preventing Water Damage to Balconies from Watering
Rain Sensor for Drip Irrigation: Do You Need One?,5.5,technical-setup,1,1,Smart features for apartment gardens,"features, one, drip, sensor, rain, smart",best budget drip irrigation kits for apartment balconies,Rain Sensor for Drip Irrigation: Do You Need One?
Simple Balcony Watering System Under $50,5.5,general,1,1,Affordable entry-level options,"simple, options, affordable, entry, under, level",renter friendly balcony watering system,Simple Balcony Watering System Under $50
Small Balcony Drip Irrigation: Maximizing Limited Space,5.5,technical-setup,1,1,Solutions for tiny balconies,"limited, maximizing, small, tiny, drip, solutions",balcony drip irrigation for container plants,Small Balcony Drip Irrigation: Maximizing Limited Space
Smart Home Watering: Automating Your Balcony Garden with Alexa,5.5,general,1,1,Tech-enabled watering solutions,"enabled, home, automating, solutions, tech, smart",balcony drip irrigation for container plants,Smart Home Watering: Automating Your Balcony Garden with Alexa
Soaker Hoses vs. Watering Cans for Balcony Gardens,5.5,general,1,1,Comparing different watering methods,"methods, soaker, cans, comparing, hoses, different",renter friendly balcony watering system,Soaker Hoses vs. Watering Cans for Balcony Gardens
South-Facing Balcony Plants: Summer Watering Guide,5.5,general,1,1,Climate-specific advice,"summer, specific, climate, guide, south, facing",how to water balcony plants without a tap,South-Facing Balcony Plants: Summer Watering Guide
String Watering System for Plants: Step-by-Step Guide,5.5,general,1,1,Customer wants detailed instructions for rope/string method,"customer, method, guide, instructions, wants, string",watering balcony plants while away,String Watering System for Plants: Step-by-Step Guide
Toilet Tank Auto-Watering System for Indoor Balcony Plants,5.5,general,1,1,Creative watering hack,"creative, toilet, tank, indoor, auto, hack",how to water balcony plants without a tap,Toilet Tank Auto-Watering System for Indoor Balcony Plants
Turning Your Garden Into an Autopilot System: Step-by-Step,5.5,general,1,1,Complete automation guide,"complete, guide, into, autopilot, step, automation",best hose timers for balcony drip irrigation systems,Turning Your Garden Into an Autopilot System: Step-by-Step
Water Catchment System for Balcony Plant Irrigation,5.5,general,1,1,Rainwater harvesting for apartments,"catchment, rainwater, harvesting, irrigation",best budget drip irrigation kits for apartment balconies,Water Catchment System for Balcony Plant Irrigation
Water Conservation Tips for Balcony Gardening,5.5,general,1,1,Eco-friendly and cost-effective practices,"gardening, conservation, friendly, practices, effective, eco",renter friendly balcony watering system,Water Conservation Tips for Balcony Gardening
Water Globes for Plants: Helpful or Hype?,5.5,general,1,1,Customer researching globe watering devices,"customer, researching, devices, globe, helpful, hype",watering balcony plants while away,Water Globes for Plants: Helpful or Hype?
Watering High Plants on Tall Shelves Automatically,5.5,general,1,1,Reach difficult-to-water locations,"difficult, automatically, reach, locations, shelves, tall",automatic watering for potted patio plants,Watering High Plants on Tall Shelves Automatically
Watering System Filters for Balcony Drip Irrigation,5.5,technical-setup,1,1,System components,"components, irrigation, filters, drip",how to water balcony plants without a tap,Watering System Filters for Balcony Drip Irrigation
Watering System for Mixed Container Sizes on One Balcony,5.5,general,1,1,Handling different plant water needs,"needs, handling, mixed, one, sizes, different",balcony container watering system,Watering System for Mixed Container Sizes on One Balcony
Weather-Responsive Automatic Watering: Does It Really Work?,5.5,general,1,1,Learn about smart rain sensors,"weather, work, sensors, responsive, automatic, rain",automatic watering for potted patio plants,Weather-Responsive Automatic Watering: Does It Really Work?
Why Does Water Pool on My Balcony?,5.5,general,1,1,Understanding the root cause of standing water,"pool, standing, root, understanding, cause, why",how to stop water from pooling on your balcony,Why Does Water Pool on My Balcony?
WiFi Smart Watering System for Apartment Plants,5.5,general,1,1,Tech-enabled irrigation with remote control,"enabled, remote, control, tech, wifi, smart",best budget drip irrigation kits for apartment balconies,WiFi Smart Watering System for Apartment Plants
Will an Automatic Watering System Kill My Plants?,5.5,general,1,1,Safety and plant health concerns,"will, concerns, kill, health, automatic, safety",best automatic watering system for balcony containers,Will an Automatic Watering System Kill My Plants?
Will an Automatic Watering System Work in Cold Weather?,5.5,general,1,1,Seasonal functionality concerns,"will, weather, cold, concerns, seasonal, automatic",best automatic watering system for balcony containers,Will an Automatic Watering System Work in Cold Weather?
Winterizing Your Apartment Balcony Drip Irrigation System,5.5,technical-setup,1,1,Seasonal maintenance,"winterizing, maintenance, drip, seasonal, irrigation",best budget drip irrigation kits for apartment balconies,Winterizing Your Apartment Balcony Drip Irrigation System
Wireless Automatic Watering System: Is WiFi Connectivity Necessary?,5.5,general,1,1,Connected vs. non-connected options,"necessary, wireless, automatic, non, options, wifi",best automatic watering system for balcony containers,Wireless Automatic Watering System: Is WiFi Connectivity Necessary?
